manga_id,avg_weekly_sales,median_weekly_sales,std_weekly_sales,min_weekly_sales,max_weekly_sales,sales_velocity,sales_trend_slope,sales_trend_r2,coefficient_variation,sales_range,skewness,kurtosis,autocorrelation_lag1,weeks_since_launch,weeks_to_peak,current_to_peak_ratio,status_encoded,total_volumes,avg_rank,median_rank,best_rank,worst_rank,rank_volatility,weeks_in_top10,weeks_in_top50,top10_ratio,top50_ratio,mal_score,popularity_rank,members,favorites,volumes,chapters,log_members,log_favorites,genre_Action,genre_Adventure,genre_Award Winning,genre_Boys Love,genre_Comedy,genre_Drama,genre_Ecchi,genre_Erotica,genre_Fantasy,genre_Girls Love,genre_Gourmet,genre_Horror,genre_Mystery,genre_Romance,genre_Sci-Fi,genre_Slice of Life,genre_Sports,genre_Supernatural,genre_Suspense,num_genres,demographic_Shounen,demographic_Shoujo,demographic_Seinen,demographic_Josei,demographic_Kids,demographic_Unknown,total_interactions,interactions_purchased,interactions_rated,interactions_bookmarked,interactions_viewed,user_avg_rating,user_rating_std,user_rating_count,unique_users
2,141780.0394736842,76268.5,162505.750390086,7032,926560,-0.6146312203724328,-753.5867905195727,0.0931556458163736,1.1461740652582002,919528,2.034573195247084,4.606753107196263,0.5136457826941975,227.0,48.0,0.0180581937489207,-1,19.0,26.58333333333333,12.0,1,159,33.047375394542854,106,179,0.4649122807017544,0.7850877192982456,9.46,1,803870,138811,0.0,0.0,13.597194087526791,11.840875778649206,1.0,1.0,1.0,0.0,0.0,1.0,0.0,0.0,1.0,0.0,0.0,1.0,0.0,0.0,0.0,0.0,0.0,0.0,0.0,6.0,0,0,1,0,0,0,993,289,0,206,90,0,0,0,950
1706,50176.80902777778,27082.5,62046.08800382272,2416,382260,-0.6313000915103613,-270.7742608879994,0.1316389600008686,1.2365244558500912,379844,2.641817672193468,8.414981120443255,0.5087926054286236,287.0,0.0,0.0237377701041176,1,24.0,60.927083333333336,48.0,1,294,61.365522258419766,70,149,0.2430555555555555,0.5173611111111112,9.34,20,328559,52423,24.0,96.0,12.70247474863044,10.867119780719332,1.0,1.0,0.0,0.0,0.0,0.0,0.0,0.0,0.0,0.0,0.0,0.0,1.0,0.0,0.0,0.0,0.0,1.0,0.0,4.0,1,0,1,0,0,0,847,244,0,180,72,0,0,0,802
656,58980.14414414414,31505.0,74295.78474727523,2858,556555,-0.7025046964692855,-214.975652985778,0.1375411642330644,1.2596531624700873,553697,2.740695131741546,10.013351379238362,0.5146425169800151,443.0,60.0,0.008206286889885,-1,37.0,58.835585585585584,42.5,1,295,59.74734714129871,108,250,0.2432432432432432,0.5630630630630631,9.27,12,463350,49241,37.0,327.0,13.046240145208255,10.804502196857769,1.0,1.0,1.0,0.0,0.0,0.0,0.0,0.0,0.0,0.0,0.0,0.0,0.0,0.0,0.0,0.0,0.0,0.0,0.0,3.0,0,0,1,0,0,0,656,179,0,125,80,0,0,0,621
13,144579.1590909091,79666.5,164109.7177118161,9602,1218081,-0.5143298701816659,-1020.480626444668,0.0561413203137099,1.135077722584516,1208479,2.746519125763647,12.629421962502484,0.4568270780950687,131.0,0.0,0.0196382670774767,-1,11.0,26.704545454545453,18.0,1,126,28.041835260791835,56,102,0.4242424242424242,0.7727272727272727,9.21,3,703088,126569,0.0,0.0,13.463238763064158,11.748550793786494,1.0,1.0,0.0,0.0,0.0,0.0,0.0,0.0,1.0,0.0,0.0,0.0,0.0,0.0,0.0,0.0,0.0,0.0,0.0,3.0,1,0,0,0,0,0,667,201,0,128,60,0,0,0,635
162032,4170.199074074074,2407.0,4477.384213011552,247,20564,-0.6378481271485235,-21.245533407161314,0.0875393865853006,1.0734045854681356,20317,1.5634712838499658,1.922955013218675,0.5325355417292692,215.0,0.0,0.0243143357323477,1,18.0,304.2638888888889,305.0,12,500,167.91325414692517,0,6,0.0,0.0277777777777777,9.2,883,25042,2056,18.0,366.0,10.128349626344304,7.629003889652957,1.0,0.0,0.0,0.0,0.0,0.0,0.0,0.0,1.0,0.0,0.0,0.0,1.0,0.0,0.0,0.0,0.0,0.0,1.0,4.0,0,0,0,0,0,1,850,257,0,172,91,0,0,0,812
1,46899.569444444445,27598.5,50370.21191292117,1875,290417,-0.6026015587739899,-218.6670340204099,0.0732716582265135,1.0739786853246345,288542,1.8673434082683185,3.857033020171904,0.457628071794776,215.0,0.0,0.0198783129086795,1,18.0,59.125,44.0,1,386,65.05516266842174,62,121,0.287037037037037,0.5601851851851852,9.16,27,292282,23953,18.0,162.0,12.585477789982765,10.083890603507452,0.0,0.0,1.0,0.0,0.0,1.0,0.0,0.0,0.0,0.0,0.0,0.0,1.0,0.0,0.0,0.0,0.0,0.0,0.0,3.0,0,0,1,0,0,0,599,185,0,105,68,0,0,0,576
147272,18954.05208333333,12280.0,18813.455202975627,1185,87645,-0.5151435315864701,-163.80859332609876,0.058217067850346,0.9925298606548169,86460,1.4909786809809509,1.9666391541816,0.5315723476862662,95.0,12.0,0.0293399509384448,1,8.0,117.3125,78.5,1,426,103.93300250842688,15,35,0.15625,0.3645833333333333,9.09,200,90221,5648,0.0,222.0,11.410028578750374,8.639233817325263,0.0,1.0,0.0,0.0,1.0,0.0,0.0,0.0,1.0,0.0,0.0,0.0,0.0,0.0,0.0,0.0,0.0,0.0,0.0,3.0,0,0,0,0,0,1,682,238,0,108,73,0,0,0,646
642,48764.6408045977,27187.0,57634.87120738836,2312,466785,-0.5064504833024162,-193.93418839534436,0.1142646136949615,1.1818745792417529,464473,2.6621496684104344,10.701430877612166,0.4656165020540618,347.0,24.0,0.0150460061912872,1,29.0,61.26436781609196,48.5,1,309,59.13742222450151,83,181,0.2385057471264367,0.5201149425287356,9.09,16,364143,38662,29.0,224.0,12.805304672783697,10.562638349337766,1.0,1.0,1.0,0.0,0.0,1.0,0.0,0.0,0.0,0.0,0.0,0.0,0.0,0.0,0.0,0.0,0.0,0.0,0.0,4.0,0,0,1,0,0,0,726,218,0,157,75,0,0,0,688
51,27653.725806451614,13519.0,34203.287659057845,1023,264082,-0.7417239931037926,-115.40858575533588,0.1312931377906277,1.236797207769766,263059,2.726349688119561,10.31316939693214,0.5435113005803252,371.0,36.0,0.0103424315174832,1,31.0,100.42204301075267,69.0,1,497,94.48816190355345,68,143,0.1827956989247312,0.3844086021505376,9.09,50,202003,18208,31.0,276.0,12.216042778167484,9.809671256331844,0.0,0.0,1.0,0.0,0.0,0.0,0.0,0.0,0.0,0.0,0.0,0.0,0.0,0.0,0.0,0.0,1.0,0.0,0.0,2.0,1,0,0,0,0,0,530,151,0,125,45,0,0,0,510
25,45102.12962962963,25467.0,51439.44044623218,2077,302837,-0.7168305715490125,-194.3043969904652,0.1248180584636642,1.1404849479101344,300760,2.038511778617698,4.704056445230965,0.5112448533231401,323.0,24.0,0.0177735877716395,1,27.0,66.19444444444444,49.0,1,326,65.07608913067233,68,166,0.2098765432098765,0.5123456790123457,9.05,22,325372,31630,27.0,116.0,12.69272749552423,10.361892931354786,1.0,1.0,1.0,0.0,0.0,1.0,0.0,0.0,1.0,0.0,0.0,0.0,0.0,0.0,0.0,0.0,0.0,0.0,0.0,5.0,1,0,0,0,0,0,836,260,0,162,78,0,0,0,801
143441,5671.545833333334,3392.5,6187.758690045423,259,32228,-0.6183655301078305,-26.689830118578445,0.089301464046918,1.0908256842429669,31969,1.8765775240770524,3.5369988468647584,0.5193086479572058,239.0,0.0,0.018873339952836,1,20.0,259.74583333333334,215.5,1,500,163.74774166169607,7,22,0.0291666666666666,0.0916666666666666,9.04,580,36069,2831,20.0,105.0,10.493216773897585,7.94873845481361,1.0,1.0,0.0,0.0,0.0,0.0,0.0,0.0,1.0,0.0,0.0,0.0,0.0,0.0,0.0,0.0,0.0,0.0,0.0,3.0,0,0,0,0,0,1,661,232,0,118,47,0,0,0,629
70345,43560.67592592593,23556.5,51723.32819145082,2740,305804,-0.566804308964491,-380.0173340192632,0.0524641835627844,1.187358546062445,303064,2.3367642277502965,6.753337308165948,0.4767427483635635,107.0,0.0,0.0189075355456436,-1,9.0,66.81481481481481,48.5,1,265,62.8681966569078,24,57,0.2222222222222222,0.5277777777777778,9.04,49,203258,19342,0.0,0.0,12.222236306872512,9.870085875902095,0.0,0.0,0.0,0.0,1.0,0.0,0.0,0.0,0.0,0.0,0.0,0.0,0.0,0.0,0.0,0.0,0.0,0.0,0.0,1.0,0,0,1,0,0,0,299,84,0,63,31,0,0,0,295
130826,4706.375,2952.5,4854.510097829703,304,26981,-0.4998714780029659,-48.41531609749824,0.0429610303345476,1.0312562941830008,26677,2.039128327505686,5.3442522578588605,0.2832495279404413,71.0,12.0,0.0228123494310811,1,6.0,279.7638888888889,241.5,45,500,158.89527412869174,0,2,0.0,0.0277777777777777,9.02,977,22776,1705,6.0,0.0,10.033506533859862,7.441906728051625,1.0,1.0,0.0,1.0,0.0,0.0,0.0,0.0,1.0,0.0,0.0,0.0,0.0,0.0,0.0,0.0,0.0,0.0,0.0,4.0,0,0,0,0,0,1,802,265,0,151,74,0,0,0,766
16765,28899.29333333333,15343.0,33356.00421404352,1390,202929,-0.6093421629425276,-129.60887565417394,0.1132342698752647,1.154175282213174,201539,2.143212529911228,5.391162397685477,0.5180884247356419,299.0,12.0,0.0179102050470854,-1,25.0,93.83666666666667,68.0,1,443,89.43144481792866,51,120,0.17,0.4,9.02,48,203491,17304,0.0,0.0,12.223381971052737,9.758750756069444,1.0,0.0,1.0,0.0,0.0,0.0,0.0,0.0,0.0,0.0,0.0,0.0,0.0,0.0,0.0,0.0,0.0,0.0,0.0,2.0,0,0,1,0,0,0,499,147,0,92,57,0,0,0,479
44489,32712.01282051282,19993.0,36874.05739638141,1735,238291,-0.5281574554408418,-235.7634872216339,0.0829013004130671,1.1271984515366738,236556,2.29225650675042,6.972842488420195,0.4274795280335043,155.0,12.0,0.0256188861518059,1,13.0,77.71794871794872,56.0,1,343,74.48126548745499,29,73,0.1858974358974359,0.4679487179487179,9.0,72,175980,19415,13.0,108.0,12.078131313647322,9.873852747406437,1.0,0.0,0.0,0.0,0.0,1.0,0.0,0.0,1.0,0.0,0.0,0.0,0.0,0.0,0.0,0.0,0.0,0.0,0.0,3.0,0,0,1,0,0,0,581,201,0,113,44,0,0,0,550
657,16922.309523809523,9328.0,19547.73526624288,868,118903,-0.6037769863904363,-81.16348084042524,0.0912307883149079,1.1550775714845274,118035,2.2500608163057776,6.0842752687690655,0.4494371931912585,251.0,48.0,0.0161623340033472,-1,21.0,137.39285714285714,97.5,1,500,123.86471926718409,32,76,0.1269841269841269,0.3015873015873015,8.98,142,112432,4730,0.0,0.0,11.630112767657405,8.461891875631148,0.0,0.0,1.0,0.0,0.0,1.0,0.0,0.0,0.0,0.0,0.0,0.0,0.0,0.0,0.0,0.0,1.0,0.0,0.0,3.0,0,0,1,0,0,0,672,196,0,130,68,0,0,0,639
4632,103422.76923076923,55810.0,113701.62149616424,5317,588656,-0.6151032272507193,-737.0799228714577,0.0852208676640116,1.099376113845378,583339,1.713312532395796,2.7548613782456526,0.5351783116670557,155.0,49.0,0.0298858756217553,1,13.0,34.455128205128204,28.5,1,172,34.63386199629541,53,112,0.3397435897435897,0.717948717948718,8.97,8,524114,58793,13.0,147.0,13.169466404872972,10.981795087863873,0.0,0.0,0.0,0.0,0.0,1.0,0.0,0.0,0.0,0.0,0.0,0.0,0.0,0.0,0.0,1.0,0.0,0.0,0.0,2.0,0,0,1,0,0,0,509,138,0,118,53,0,0,0,485
133431,1695.1702898550725,1010.5,1835.6187865940517,100,11629,-0.6306220054219335,-7.9618490032961855,0.1194246846148467,1.0822137361873576,11529,1.9055462585321723,4.3318848431945245,0.5691700898637821,275.0,0.0,0.0202510963969386,1,23.0,396.9311594202899,485.5,76,500,128.92692138601632,0,0,0.0,0.0,8.96,2161,11635,952,23.0,211.0,9.361859019615093,6.859614903654202,0.0,0.0,0.0,0.0,0.0,1.0,0.0,0.0,0.0,0.0,0.0,0.0,0.0,0.0,0.0,1.0,1.0,0.0,0.0,3.0,0,0,1,0,0,0,721,192,0,160,87,0,0,0,684
34053,5303.907407407408,3140.0,5787.41402709848,364,33336,-0.5748179882441443,-37.31094534472738,0.0403954481125756,1.090954767470085,32972,1.8665517038559236,4.3486275165945685,0.3867865300405617,107.0,48.0,0.0217557595392368,1,9.0,276.4907407407408,256.0,18,500,169.58858142959733,0,7,0.0,0.0648148148148148,8.96,910,24481,1989,9.0,42.0,10.10569343263546,7.595889917718538,0.0,0.0,0.0,0.0,0.0,1.0,0.0,0.0,1.0,0.0,0.0,0.0,1.0,0.0,0.0,0.0,0.0,1.0,0.0,4.0,1,0,0,0,0,0,784,231,0,147,96,0,0,0,748
1303,10624.770833333334,6201.0,13334.854303727854,452,125833,-0.6618364446913386,-62.81115861386482,0.1064953772880296,1.2549540652520053,125381,3.763308721842995,23.72995823255215,0.4124910142276597,239.0,48.0,0.0072874365230106,1,20.0,189.75833333333333,144.0,1,500,148.4483914717689,12,36,0.05,0.15,8.95,286,66258,4862,20.0,171.0,11.101326583678423,8.489410810403786,0.0,0.0,0.0,0.0,0.0,1.0,0.0,0.0,0.0,0.0,0.0,0.0,0.0,0.0,0.0,1.0,1.0,0.0,0.0,3.0,1,0,0,0,0,0,715,214,0,149,64,0,0,0,689
23751,6192.625,3826.5,6662.649778257021,446,30841,-0.5612682905742754,-76.28051643192488,0.0566152255231059,1.075727022261926,30395,1.9286074758744416,3.677860876314468,0.5003592926964726,71.0,12.0,0.0295142829350539,1,6.0,242.45833333333331,221.5,3,500,154.98735947561084,2,4,0.0277777777777777,0.0555555555555555,8.93,770,28340,808,6.0,199.0,10.252064798437244,6.695798917058491,0.0,0.0,0.0,0.0,1.0,1.0,0.0,0.0,0.0,0.0,0.0,0.0,1.0,0.0,0.0,0.0,0.0,1.0,0.0,4.0,0,0,0,0,0,1,775,225,0,153,81,0,0,0,736
3,47342.655303030304,25102.5,54286.33275678536,2150,293322,-0.6521051678373331,-215.6870693084805,0.0916827404937543,1.146644305542472,291172,2.1457840557539574,5.053199796049549,0.3983219754732058,263.0,36.0,0.0163548932572394,1,22.0,63.45075757575758,41.5,1,307,67.65776624127797,64,147,0.2424242424242424,0.5568181818181818,8.93,24,314020,23227,22.0,249.0,12.657215141634984,10.05311372649194,0.0,0.0,1.0,0.0,0.0,1.0,0.0,0.0,0.0,0.0,0.0,0.0,1.0,0.0,1.0,0.0,0.0,0.0,0.0,4.0,0,0,1,0,0,0,820,230,0,178,93,0,0,0,771
104,32653.42307692308,20240.5,35450.58032833705,2134,210973,-0.5370858715348826,-168.82864503485007,0.045993417058225,1.0856287445295587,208839,2.049758895300869,5.062463145072261,0.3990995486390341,155.0,51.0,0.0274241253620131,-1,13.0,78.08974358974359,60.5,1,324,69.95313191013551,29,63,0.1858974358974359,0.4038461538461538,8.92,67,180301,18180,0.0,0.0,12.10238850175329,9.808132371719273,0.0,0.0,1.0,0.0,1.0,0.0,0.0,0.0,0.0,0.0,0.0,0.0,0.0,0.0,0.0,1.0,0.0,0.0,0.0,3.0,0,0,0,0,0,1,697,199,0,131,83,0,0,0,669
14893,15675.138888888889,8782.5,16991.741792629044,969,69473,-0.6060801724860934,-229.190623191202,0.0785810547849993,1.0839239121996196,68504,1.5944920331067434,1.8114469422270136,0.5301262064153069,71.0,24.0,0.0342435190649604,1,6.0,153.36111111111111,114.5,1,500,133.5290548444582,10,16,0.1388888888888889,0.2222222222222222,8.92,283,67451,3307,6.0,107.0,11.119171512790077,8.104099056143582,1.0,0.0,0.0,0.0,1.0,0.0,0.0,0.0,0.0,0.0,0.0,0.0,1.0,1.0,0.0,0.0,0.0,1.0,0.0,5.0,0,0,0,0,0,1,983,302,0,193,106,0,0,0,926
126479,13718.166666666666,8608.0,14392.169455606369,862,52216,-0.8032823231714664,-3590.818181818182,0.7418038702198353,1.0490556609808446,51354,1.562782453647169,1.5900449638722325,0.9694585185565938,11.0,0.0,0.0506836984832235,1,1.0,172.58333333333334,147.0,15,491,145.72488825027642,0,4,0.0,0.3333333333333333,8.91,455,44626,1856,1.0,15.0,10.706094336004815,7.526717561352706,0.0,0.0,0.0,0.0,0.0,1.0,0.0,0.0,0.0,0.0,0.0,0.0,0.0,0.0,0.0,0.0,0.0,0.0,0.0,1.0,0,0,0,0,0,1,354,127,0,72,23,0,0,0,346
121405,3659.1041666666665,2016.0,3727.820834837601,251,15034,-0.4240453710988723,-70.61338471558838,0.0688615331110289,1.0185012953422594,14783,1.3850432546063074,1.0939445326373072,0.5793236470649333,47.0,12.0,0.04024211786617,1,4.0,319.25,303.5,40,500,158.09747784199467,0,1,0.0,0.0208333333333333,8.88,1630,15027,908,4.0,27.0,9.61767040669386,6.812345094177479,1.0,1.0,0.0,1.0,0.0,0.0,0.0,0.0,1.0,0.0,0.0,0.0,1.0,0.0,0.0,0.0,0.0,0.0,0.0,5.0,0,0,0,0,0,1,974,292,0,203,113,0,0,0,925
44227,4698.041666666667,3063.5,4441.460496895825,335,19315,-0.5042399126475828,-67.36557013312753,0.0993629174581652,0.9451843188371724,18980,1.3385031554383782,1.401321564055814,0.6107710358430115,71.0,0.0,0.0395806368107688,1,6.0,273.1388888888889,257.0,2,500,164.32668221458837,1,4,0.0138888888888888,0.0555555555555555,8.88,954,23511,530,6.0,231.0,10.065266208098754,6.274762021241939,0.0,0.0,0.0,0.0,1.0,0.0,0.0,0.0,0.0,0.0,0.0,0.0,1.0,0.0,0.0,0.0,0.0,1.0,0.0,3.0,0,0,0,0,0,1,685,224,0,115,63,0,0,0,646
74697,14344.395833333334,7834.5,16429.811823696156,754,95454,-0.6104676101175895,-89.81691330059952,0.0918037672162542,1.1453020895749295,94700,2.1518383537549104,5.275292851034514,0.5304973245910428,191.0,24.0,0.0184408196618266,-1,16.0,154.21354166666666,113.5,1,500,127.9238104301017,12,45,0.0625,0.234375,8.88,208,86816,6906,0.0,0.0,11.3715577340064,8.840290669088972,0.0,0.0,0.0,0.0,0.0,1.0,0.0,0.0,1.0,0.0,0.0,0.0,0.0,0.0,0.0,0.0,0.0,0.0,1.0,3.0,0,0,0,0,0,1,664,193,0,144,49,0,0,0,641
90125,41886.55952380953,22314.5,47451.42919867069,1930,261676,-0.5790343549776371,-157.88856775891634,0.1041588645857495,1.1328286903823694,259746,1.8572983994550771,3.593048979601844,0.4795747979730178,335.0,0.0,0.0242236582644185,1,28.0,72.63690476190476,49.5,1,373,75.02994843292959,78,172,0.2321428571428571,0.5119047619047619,8.88,25,307195,30054,28.0,281.0,12.63524125933755,10.310784315473262,0.0,0.0,1.0,0.0,1.0,0.0,0.0,0.0,0.0,0.0,0.0,0.0,0.0,1.0,0.0,0.0,0.0,0.0,0.0,3.0,0,0,1,0,0,0,672,206,0,154,67,0,0,0,648
126287,26534.8625,14907.5,28431.18391180584,851,162283,-0.6360041996110479,-130.59768008125138,0.1012779104991368,1.0714249032533176,161432,1.820893609918008,3.726624062826376,0.51816093170512,239.0,25.0,0.0231755636758009,-1,20.0,92.67916666666666,70.0,1,500,90.7832651574005,48,95,0.2,0.3958333333333333,8.87,73,175959,10743,0.0,0.0,12.078011975462656,9.282102738203074,0.0,1.0,1.0,0.0,0.0,1.0,0.0,0.0,1.0,0.0,0.0,0.0,0.0,0.0,0.0,0.0,0.0,0.0,0.0,4.0,1,0,0,0,0,0,750,234,0,153,54,0,0,0,710
86769,3932.647727272728,1937.0,4598.129255732061,187,27608,-0.6629856415621731,-19.762377306315173,0.107284356102093,1.1689224797259696,27421,2.232766079082182,6.047248616013739,0.4718611645339298,263.0,12.0,0.0152763691683569,-1,22.0,313.84090909090907,324.5,31,500,161.63503265378992,0,4,0.0,0.0151515151515151,8.87,834,26518,1662,0.0,0.0,10.18561673619821,7.416378479192928,0.0,0.0,0.0,0.0,0.0,1.0,0.0,0.0,0.0,0.0,0.0,0.0,1.0,0.0,0.0,0.0,0.0,0.0,0.0,2.0,0,0,0,0,0,1,494,144,0,104,34,0,0,0,472
104039,7304.020833333333,4021.5,8523.38118320475,321,58384,-0.7031016421861496,-30.88536329585645,0.123530746929028,1.1667839664894524,58063,2.2612510397898484,6.386230379326552,0.4762996739487851,335.0,24.0,0.0141477117018361,-1,28.0,240.05059523809524,209.0,1,500,161.83140973932447,5,34,0.0148809523809523,0.1011904761904761,8.87,362,53168,3647,0.0,0.0,10.88123079872325,8.201934351194222,1.0,0.0,0.0,0.0,0.0,1.0,0.0,0.0,0.0,0.0,0.0,0.0,0.0,0.0,1.0,0.0,0.0,0.0,0.0,3.0,0,0,0,0,0,1,642,202,0,126,67,0,0,0,613
56805,61696.04761904762,36016.0,63468.84522400861,4093,277227,-0.5312052099886843,-720.4778171509569,0.0757592743809537,1.0287177048714076,273134,1.5385649107353756,1.917334273090744,0.5307767193034538,83.0,13.0,0.0376478481533184,1,7.0,47.54761904761905,37.0,1,206,44.41589289826463,22,51,0.2619047619047619,0.6071428571428571,8.86,26,293744,23153,7.0,64.0,12.590467323019046,10.049922830765674,0.0,0.0,1.0,0.0,0.0,1.0,0.0,0.0,0.0,0.0,0.0,0.0,0.0,0.0,0.0,0.0,0.0,0.0,0.0,2.0,1,0,0,0,0,0,463,125,0,99,51,0,0,0,443
1224,11469.389880952382,5854.0,14018.72549420672,506,94630,-0.632324201938943,-44.80219973679715,0.0960893098514558,1.2221664337221945,94124,2.4954792812879782,8.040101880514968,0.4546332620405189,335.0,48.0,0.0123348832294198,-1,28.0,187.07142857142856,147.0,1,500,150.12481201877813,23,68,0.0684523809523809,0.2023809523809523,8.86,222,81015,4397,0.0,0.0,11.302401945012122,8.388905171114706,0.0,0.0,1.0,0.0,0.0,1.0,0.0,0.0,0.0,0.0,0.0,0.0,0.0,0.0,0.0,0.0,0.0,0.0,0.0,2.0,0,0,1,0,0,0,477,160,0,90,47,0,0,0,457
35243,25972.02037037037,14109.5,31716.71041617745,877,268484,-0.6548417821946174,-77.8270245935152,0.1463151728878517,1.2211406283868085,267607,2.648972086281677,10.161474652078844,0.4806768867977259,539.0,12.0,0.0098627851194112,1,45.0,105.11851851851851,73.0,1,500,102.26988998627706,75,202,0.1388888888888889,0.374074074074074,8.86,34,245424,20038,45.0,407.0,12.410746680560722,9.905435653754145,0.0,0.0,1.0,0.0,0.0,0.0,0.0,0.0,0.0,0.0,0.0,0.0,0.0,0.0,0.0,0.0,1.0,0.0,0.0,2.0,1,0,0,0,0,0,548,152,0,111,62,0,0,0,525
336,27314.533333333333,15643.5,32866.33057921468,1216,223168,-0.6176009685802439,-131.3793424371382,0.1198417568919719,1.2032102825211055,221952,2.800255522068824,10.485668792342008,0.4849711082858499,299.0,1.0,0.0161279842988242,1,25.0,95.12333333333332,67.0,1,464,93.66056510375942,53,124,0.1766666666666666,0.4133333333333333,8.86,58,191793,11978,25.0,208.0,12.164177158356138,9.39091039573133,1.0,0.0,1.0,0.0,1.0,1.0,1.0,0.0,0.0,0.0,0.0,0.0,0.0,0.0,0.0,0.0,0.0,0.0,0.0,5.0,1,0,0,0,0,0,957,276,0,206,94,0,0,0,909
140765,3169.342105263158,1702.0,3696.9223433538,175,20963,-0.6277157459002896,-18.305548271347817,0.1062098803373436,1.166095714786254,20788,2.197496523770965,5.511080265109625,0.5232846745094955,227.0,48.0,0.0181152506797691,-1,19.0,337.17543859649123,381.5,15,500,157.17995863575436,0,3,0.0,0.0131578947368421,8.84,1153,19765,894,0.0,0.0,9.89171856893613,6.796823718274855,1.0,1.0,0.0,1.0,0.0,1.0,0.0,0.0,1.0,0.0,0.0,0.0,0.0,0.0,0.0,0.0,0.0,0.0,0.0,5.0,0,0,0,0,0,1,869,275,0,188,84,0,0,0,837
7375,25219.82843137255,15324.5,25877.130230109644,1442,160003,-0.5823767489088493,-134.72719607607556,0.094004138302162,1.026022214160131,158561,1.7934781848565138,4.1251992837595965,0.5090055268132891,203.0,48.0,0.0222089585820265,1,17.0,95.98039215686276,63.0,1,423,94.32089369848816,36,80,0.1764705882352941,0.392156862745098,8.84,87,157489,9849,17.0,170.0,11.967117243168628,9.195226734166134,0.0,0.0,1.0,0.0,0.0,1.0,0.0,0.0,0.0,0.0,0.0,0.0,0.0,0.0,0.0,0.0,1.0,0.0,0.0,3.0,0,0,1,0,0,0,617,185,0,112,65,0,0,0,593
178182,2626.5916666666667,1738.5,2568.047651738032,191,11213,-0.5321780950144377,-18.538235294117644,0.0625290326001078,0.9773389390429252,11022,1.3891417049732817,1.3902633243246214,0.4457633316962974,119.0,0.0,0.030478016587889,1,10.0,346.5416666666667,365.0,49,500,152.22548493563386,0,2,0.0,0.0166666666666666,8.83,1802,13844,418,0.0,53.0,9.53567943560506,6.037870919922137,0.0,1.0,0.0,0.0,0.0,0.0,0.0,0.0,1.0,0.0,0.0,0.0,0.0,0.0,0.0,0.0,0.0,0.0,0.0,2.0,0,0,0,0,0,1,523,162,0,110,50,0,0,0,499
86119,2775.777777777778,1464.5,3333.59549061696,100,22892,-0.5571840944622499,-10.440708458818971,0.1281859700314613,1.2005265661859326,22792,2.6170488718441507,9.05158580297798,0.5231885935193274,395.0,0.0,0.0129630438581163,1,33.0,353.27525252525254,405.5,1,500,153.34457301916876,1,6,0.0025252525252525,0.0151515151515151,8.83,987,22625,1419,33.0,772.0,10.026854966486413,7.258412150595307,0.0,0.0,0.0,0.0,0.0,0.0,0.0,0.0,1.0,0.0,0.0,0.0,0.0,0.0,0.0,0.0,0.0,0.0,0.0,1.0,0,0,0,0,0,1,333,96,0,66,39,0,0,0,324
21525,16195.230902777776,8802.5,24252.296643976788,678,317087,-0.7070656269725666,-50.07480782030994,0.1178678198939787,1.4974037348292764,316409,5.503413398978955,50.4820873719494,0.432887630000943,575.0,48.0,0.0045508015150416,1,48.0,157.24652777777777,108.0,1,500,136.65746280654216,55,146,0.0954861111111111,0.2534722222222222,8.83,88,155027,15416,48.0,292.0,11.951361024748302,9.64322607566034,0.0,1.0,0.0,0.0,0.0,0.0,0.0,0.0,1.0,0.0,0.0,0.0,0.0,1.0,0.0,0.0,0.0,0.0,0.0,3.0,0,1,0,0,0,0,637,210,0,116,69,0,0,0,618
70261,14049.80128205128,7493.5,16121.96033104037,619,86303,-0.6134906293573806,-59.12545092334086,0.1091030058857191,1.1474050488234306,85684,2.097845049450425,4.788258168974851,0.5087282839075321,311.0,60.0,0.01894198347682,1,26.0,162.0448717948718,118.5,1,500,134.1839936071668,27,72,0.0865384615384615,0.2307692307692307,8.82,163,102799,9374,26.0,330.0,11.540540632003202,9.14580185083861,0.0,0.0,0.0,0.0,0.0,0.0,0.0,0.0,1.0,0.0,0.0,0.0,0.0,0.0,0.0,0.0,0.0,0.0,0.0,1.0,0,0,0,0,0,1,322,105,0,59,28,0,0,0,312
9115,12446.055555555557,6335.0,13625.126596648244,633,82542,-0.4751114835281391,-72.94429663466981,0.0773841380215866,1.094646564067666,81909,1.9116019786229363,4.438673249354898,0.4715778272707148,179.0,48.0,0.0187450025441593,-1,15.0,173.80555555555554,137.5,1,500,143.1622272195747,13,42,0.0722222222222222,0.2333333333333333,8.82,259,71311,4280,0.0,0.0,11.174819895186335,8.361941906144946,0.0,1.0,0.0,0.0,0.0,1.0,0.0,0.0,1.0,0.0,0.0,0.0,0.0,1.0,0.0,0.0,0.0,1.0,0.0,5.0,0,0,0,0,0,1,919,258,0,204,90,0,0,0,876
28,26258.46031746032,14862.0,31022.969131092894,1582,229527,-0.643490534138212,-129.32791026745642,0.0919667407152806,1.1814016265393408,227945,2.662217714644878,9.850660033476032,0.4884412940863835,251.0,48.0,0.0119310582197301,-1,21.0,95.8452380952381,66.0,1,376,87.77937179226619,41,92,0.1626984126984127,0.365079365079365,8.82,71,176741,13785,21.0,84.0,12.082446321065454,9.531408863445597,0.0,0.0,1.0,0.0,0.0,1.0,0.0,0.0,0.0,0.0,0.0,0.0,0.0,1.0,0.0,0.0,0.0,0.0,0.0,3.0,0,1,0,0,0,0,561,159,0,113,55,0,0,0,536
147769,1834.654761904762,955.0,2230.258673306367,100,14396,-0.6579918825527339,-8.2323239672768,0.1281822509387986,1.214966299541067,14296,2.295610663086077,6.236756163113755,0.5115269304112893,335.0,24.0,0.0106974159488746,1,28.0,398.9404761904762,500.0,60,500,135.58812379430196,0,0,0.0,0.0,8.81,1923,13146,778,0.0,269.0,9.483948874696605,6.658011045870748,0.0,0.0,0.0,0.0,0.0,0.0,0.0,0.0,0.0,0.0,0.0,0.0,0.0,0.0,0.0,1.0,0.0,0.0,0.0,1.0,0,0,0,0,0,1,475,143,0,98,50,0,0,0,456
85781,20879.51785714286,11948.0,23571.42933494993,1155,113736,-0.5124783852186047,-150.2735471575868,0.0955905959093055,1.1288718745491535,112581,1.9489732334466088,3.699063251361341,0.4886136040388156,167.0,24.0,0.0271659808679749,1,14.0,115.70238095238096,85.0,1,462,99.97729263162768,17,52,0.1011904761904761,0.3095238095238095,8.81,137,115848,7864,14.0,102.0,11.660042897971737,8.970177815492379,0.0,1.0,1.0,0.0,1.0,0.0,0.0,0.0,1.0,0.0,1.0,0.0,0.0,0.0,0.0,0.0,0.0,0.0,0.0,5.0,0,0,1,0,0,0,1028,296,0,201,103,0,0,0,980
651,15881.47619047619,7495.5,18300.088086228407,997,96053,-0.5448271801212977,-192.47700718841756,0.0650379922806078,1.1522188270114908,95056,1.8895425098288616,3.896501551441632,0.4990353139556145,83.0,12.0,0.0251397665871966,1,7.0,146.76190476190476,113.5,1,500,129.14587719463557,11,24,0.1309523809523809,0.2857142857142857,8.81,275,68697,3768,7.0,59.0,11.137475365705162,8.234564993267135,1.0,1.0,1.0,0.0,0.0,0.0,0.0,0.0,1.0,0.0,0.0,0.0,0.0,0.0,0.0,0.0,0.0,0.0,0.0,4.0,0,0,0,0,0,1,744,226,0,155,62,0,0,0,714
102875,2059.3166666666666,1354.0,1829.0501587041167,119,7402,-0.2471295942787437,-25.321005834954143,0.0574792742975909,0.8877519598301798,7283,0.913962835086644,-0.0929643078112074,0.5715924910727366,59.0,13.0,0.0649486625236422,1,5.0,369.31666666666666,435.5,106,500,139.1498582663869,0,0,0.0,0.0,8.8,2728,9357,662,5.0,21.0,9.14398687142616,6.496774990185863,0.0,0.0,0.0,0.0,0.0,1.0,0.0,0.0,0.0,0.0,0.0,1.0,1.0,0.0,0.0,0.0,0.0,1.0,0.0,4.0,0,0,0,0,0,1,841,251,0,175,89,0,0,0,804
129621,3392.5253623188405,1900.0,3811.1725072202566,115,21430,-0.662365063416544,-14.98445769894836,0.0981287040019692,1.1230717617551655,21315,1.9922955996333296,4.252816090232302,0.4850511723251846,275.0,1.0,0.0125874941670555,-1,23.0,326.69565217391306,346.5,22,500,159.37405225387553,0,5,0.0,0.0181159420289855,8.79,932,24093,956,0.0,0.0,10.089718125826796,6.863803391452954,0.0,0.0,1.0,0.0,0.0,1.0,0.0,0.0,0.0,0.0,0.0,0.0,0.0,0.0,0.0,0.0,1.0,0.0,0.0,3.0,0,0,1,0,0,0,669,201,0,123,75,0,0,0,638
132678,7048.759259259259,4141.0,7511.170249443023,545,34946,-0.5619905118313923,-48.162412948831545,0.0399604427948667,1.0654506023844346,34401,1.7901703093442205,3.175807756423609,0.3889474625521705,107.0,72.0,0.0297315858753505,-1,9.0,233.30555555555557,201.5,1,500,161.7036302722047,5,14,0.0462962962962962,0.1296296296296296,8.79,628,33568,1520,0.0,0.0,10.421358301028755,7.327123292259293,0.0,0.0,0.0,0.0,0.0,0.0,0.0,0.0,0.0,0.0,0.0,0.0,0.0,1.0,0.0,1.0,0.0,0.0,0.0,2.0,0,0,0,0,0,1,583,183,0,116,57,0,0,0,555
144267,21876.053030303032,11161.5,26855.29995468825,1115,230533,-0.6400199347729733,-116.19794168096053,0.1087319637146279,1.22755564551997,229418,3.1470261796498424,15.573308101582754,0.5337691263918285,263.0,0.0,0.0098814486429274,-1,22.0,115.70075757575758,85.0,1,500,103.04984377696252,39,83,0.1477272727272727,0.3143939393939394,8.79,99,144818,9820,0.0,0.0,11.883239965795369,9.192278229157774,0.0,0.0,0.0,0.0,0.0,1.0,0.0,0.0,0.0,0.0,0.0,0.0,0.0,1.0,0.0,0.0,0.0,0.0,0.0,2.0,0,0,0,0,0,1,475,160,0,89,41,0,0,0,453
26,49534.40740740741,29428.0,63884.552233644696,2006,690541,-0.6000214184093897,-287.4743650198264,0.0787269604333749,1.2896745091490165,688535,5.155515181863783,45.09459445916868,0.4148168162158523,215.0,0.0,0.0091073520616444,-1,18.0,57.75,43.0,1,318,61.09905815483089,63,125,0.2916666666666667,0.5787037037037037,8.78,23,315425,26998,0.0,0.0,12.661679385116669,10.203555107263542,1.0,1.0,0.0,0.0,0.0,0.0,0.0,0.0,1.0,0.0,0.0,0.0,0.0,0.0,0.0,0.0,0.0,0.0,0.0,3.0,1,0,0,0,0,0,647,208,0,124,62,0,0,0,621
100448,46890.25,26920.5,47604.00895779857,3221,185509,-0.5587779753399864,-1462.9440154440151,0.1019194049130312,1.0152002550112988,182288,1.3154991548507338,0.843177185687658,0.4046738331635426,35.0,24.0,0.0447242451848697,1,3.0,59.0,48.5,1,247,65.24270925636911,12,19,0.3333333333333333,0.5277777777777778,8.77,53,196461,15548,3.0,18.0,12.188224307366394,9.651751606857816,0.0,0.0,0.0,0.0,0.0,1.0,0.0,0.0,0.0,0.0,0.0,0.0,0.0,1.0,0.0,0.0,0.0,1.0,0.0,3.0,1,0,0,0,0,0,612,191,0,131,51,0,0,0,588
14483,4596.824275362319,2378.0,5896.842573826917,146,46620,-0.726176103857421,-14.594420846586315,0.1555357213154261,1.2825289138224476,46474,2.758611822014969,9.942788499322122,0.5146561364665458,551.0,60.0,0.0076040326040326,1,46.0,297.23369565217394,283.5,1,500,167.27053746904366,9,28,0.0163043478260869,0.0507246376811594,8.77,479,42899,1549,46.0,432.0,10.666627104916108,7.346010209913293,0.0,0.0,1.0,0.0,0.0,1.0,0.0,0.0,0.0,0.0,0.0,0.0,0.0,0.0,1.0,0.0,0.0,0.0,0.0,3.0,0,0,1,0,0,0,643,192,0,134,65,0,0,0,612
45143,10659.833333333334,5922.0,11101.181322523991,512,43841,-0.5102216793015485,-79.06361552885615,0.0608647768338181,1.0413052127748603,43329,1.4118939377497746,1.021557474220003,0.503083994900777,119.0,36.0,0.0370714627859765,-1,10.0,186.96666666666667,155.0,1,500,144.26451015024065,7,21,0.0583333333333333,0.175,8.76,357,53816,3117,0.0,0.0,10.8933446813672,8.044947049617722,0.0,0.0,0.0,0.0,0.0,1.0,0.0,0.0,0.0,0.0,0.0,0.0,0.0,0.0,0.0,0.0,0.0,0.0,0.0,1.0,1,0,0,0,0,0,331,104,0,58,24,0,0,0,324
7,15917.884057971014,8411.5,18922.936687657868,643,114935,-0.5877644327505629,-83.2814149341476,0.1229561722026388,1.1887100012002816,114292,2.262980596780167,5.981561226271388,0.5163702526129901,275.0,12.0,0.0164571279418801,-1,23.0,149.18115942028984,105.0,1,500,131.99087229680026,23,74,0.0833333333333333,0.2681159420289855,8.76,163,103087,7749,0.0,0.0,11.543338271378424,8.955448122347393,0.0,0.0,1.0,0.0,0.0,0.0,0.0,0.0,0.0,0.0,0.0,0.0,0.0,0.0,0.0,0.0,1.0,0.0,0.0,2.0,1,0,0,0,0,0,557,163,0,106,51,0,0,0,534
100035,28190.491666666665,17790.5,31765.55349116288,1888,204566,-0.4652716212714303,-225.71719911104933,0.0605853382271989,1.12677803171097,202678,2.4987082604678106,8.73236523190621,0.323962153721934,119.0,24.0,0.0185698014332782,-1,10.0,87.95,54.0,1,369,85.76866657857441,20,56,0.1666666666666666,0.4666666666666667,8.75,98,146815,9332,0.0,0.0,11.896935381048989,9.141311785565748,0.0,0.0,0.0,0.0,0.0,0.0,0.0,0.0,1.0,0.0,0.0,0.0,0.0,0.0,0.0,0.0,0.0,0.0,0.0,1.0,0,0,1,0,0,0,347,95,0,70,40,0,0,0,340
40171,11903.407407407409,6160.5,13487.4432065787,522,78562,-0.6820575848243483,-77.10293287607617,0.127057260238933,1.1329789669485155,78040,2.158699225805654,5.57946849190218,0.5399448335805147,215.0,0.0,0.0144535526081311,1,18.0,174.4398148148148,125.0,1,500,140.9258279036745,8,40,0.037037037037037,0.1851851851851851,8.75,231,77141,4197,18.0,168.0,11.253403158312304,8.342363500380579,0.0,0.0,0.0,0.0,1.0,0.0,0.0,0.0,0.0,0.0,0.0,0.0,0.0,1.0,0.0,0.0,0.0,0.0,0.0,2.0,0,0,0,0,0,1,509,156,0,117,41,0,0,0,492
89357,18271.98214285714,10419.0,24263.989889603406,830,222459,-0.5792703988398941,-131.1607668011399,0.0687235192421773,1.3278615225423471,221629,4.255022760324777,28.86336938934544,0.3582309772008877,167.0,48.0,0.0087521745580084,1,14.0,137.89880952380952,102.0,1,500,119.89120265796504,18,46,0.1071428571428571,0.2738095238095238,8.75,174,98235,8387,14.0,110.0,11.495128025939648,9.03455739202181,0.0,0.0,0.0,0.0,0.0,1.0,0.0,0.0,0.0,0.0,0.0,0.0,0.0,0.0,0.0,0.0,0.0,0.0,0.0,1.0,0,0,0,0,0,1,276,73,0,58,27,0,0,0,273
72467,20820.45833333333,13250.5,23081.46086565381,1796,134062,-0.4752141142864172,-156.76897228117562,0.0199247829968667,1.10854199048596,132266,2.440211568248132,7.775099369108458,0.3711776691615299,71.0,49.0,0.0326677209052527,1,6.0,108.73611111111111,86.5,1,400,97.80436724166876,12,25,0.1666666666666666,0.3472222222222222,8.74,195,92026,7846,6.0,47.0,11.429837291235726,8.967886572127473,0.0,1.0,1.0,0.0,0.0,0.0,0.0,0.0,0.0,0.0,0.0,0.0,0.0,0.0,0.0,1.0,0.0,0.0,0.0,3.0,0,0,0,0,0,1,719,223,0,135,78,0,0,0,690
128365,8255.125,4899.0,12317.133615345085,481,94531,-0.5872607761753258,-73.40509035950865,0.0153402703226209,1.4918782861627076,94050,4.918597464629324,30.77678787386041,0.1733654022862372,71.0,48.0,0.0101739112037321,1,6.0,232.08333333333331,180.5,1,500,162.977652694404,2,6,0.0277777777777777,0.0833333333333333,8.73,589,35252,1981,6.0,32.0,10.47030591100205,7.591861714889934,0.0,0.0,0.0,0.0,0.0,0.0,0.0,0.0,0.0,1.0,0.0,0.0,0.0,0.0,0.0,0.0,0.0,0.0,0.0,1.0,0,0,0,0,0,1,500,145,0,100,58,0,0,0,488
9726,4739.632352941177,2621.0,5353.8559960649245,240,32149,-0.5851921102336254,-27.26839374942577,0.0899610248868368,1.1293548196673155,31909,2.0690626387535165,5.0985301302702375,0.4833148219842834,203.0,48.0,0.0162368969485831,-1,17.0,285.7401960784314,272.5,16,500,166.7090813244437,0,10,0.0,0.0490196078431372,8.72,762,28649,1352,0.0,0.0,10.262908722142884,7.210079628170788,1.0,0.0,0.0,0.0,0.0,1.0,0.0,0.0,0.0,0.0,0.0,0.0,1.0,0.0,0.0,0.0,0.0,1.0,0.0,4.0,0,0,0,0,0,1,782,232,0,181,75,0,0,0,752
123992,8380.516666666666,4665.5,9757.525119092556,472,59903,-0.7069744263391713,-57.90318322581973,0.0950770905161029,1.1641717730990482,59431,2.128031533001585,5.215181733949937,0.530575796943989,179.0,12.0,0.0152830409161477,1,15.0,221.0888888888889,181.0,1,500,159.21583146048738,4,29,0.0222222222222222,0.1611111111111111,8.72,432,46226,2454,15.0,130.0,10.741319321949964,7.805882040228621,0.0,0.0,0.0,0.0,0.0,1.0,0.0,0.0,0.0,0.0,0.0,0.0,0.0,0.0,0.0,0.0,0.0,0.0,0.0,1.0,0,0,0,0,0,1,331,110,0,57,30,0,0,0,323
108177,2203.3888888888887,1167.5,2380.636653616677,149,12302,-0.6495271584219079,-23.45102578943983,0.0419119067750473,1.0799531178986412,12153,1.703375378088227,3.077851306461421,0.4281451979063365,71.0,48.0,0.0284303365306454,1,6.0,375.2916666666667,452.5,33,500,146.98851405429232,0,1,0.0,0.0138888888888888,8.71,2521,10009,107,6.0,0.0,9.211339872309264,4.68213122712422,0.0,0.0,0.0,0.0,1.0,0.0,0.0,0.0,0.0,0.0,0.0,0.0,1.0,0.0,0.0,0.0,0.0,1.0,0.0,3.0,0,0,0,0,0,1,696,201,0,142,79,0,0,0,665
26027,2239.0,1111.5,2676.562191817457,336,9907,-0.8458212496704455,-618.1818181818182,0.6356712483337399,1.1948938356327932,9571,1.94773260361784,2.8354002127131954,0.9558681182522928,11.0,0.0,0.0416372262036943,1,1.0,385.75,477.0,125,500,136.14154705060955,0,0,0.0,0.0,8.71,2945,8764,272,1.0,8.0,9.078521797355334,5.60947179518496,0.0,0.0,0.0,0.0,0.0,0.0,0.0,0.0,0.0,0.0,0.0,0.0,1.0,0.0,0.0,0.0,0.0,1.0,0.0,2.0,0,0,0,0,0,1,549,161,0,108,50,0,0,0,522
91941,35831.74074074074,24368.0,36617.18863719666,1778,180420,-0.5041545200189604,-308.27879238236784,0.0688884372791117,1.021891931240527,178642,1.7405116046293527,2.8752797542892825,0.4146505070746786,107.0,12.0,0.0199797694268928,-1,9.0,67.67592592592592,44.0,1,337,69.63939241546062,19,61,0.1759259259259259,0.5648148148148148,8.71,62,185606,11029,0.0,0.0,12.131386814140267,9.308374112247549,0.0,1.0,0.0,0.0,0.0,1.0,0.0,0.0,1.0,0.0,0.0,0.0,0.0,0.0,1.0,0.0,0.0,0.0,0.0,4.0,0,0,0,0,0,1,809,262,0,164,86,0,0,0,768
418,17908.058333333334,10980.5,18212.224535686568,1431,72443,-0.5755062903583602,-149.61374053753738,0.0809781881914684,1.016928092851703,71012,1.362240825927215,0.9175204509252493,0.5095073980151177,119.0,1.0,0.0377400162886683,1,10.0,123.875,84.0,1,421,106.97831263859044,10,38,0.0833333333333333,0.3166666666666666,8.71,178,97327,3129,10.0,50.0,11.485841996560486,8.048788283534199,0.0,0.0,1.0,0.0,0.0,0.0,0.0,0.0,1.0,0.0,0.0,0.0,1.0,0.0,0.0,0.0,0.0,1.0,0.0,4.0,0,0,1,0,0,0,803,271,0,135,78,0,0,0,772
145,11593.40931372549,6170.5,15842.09812374498,438,160547,-0.6654742750792261,-48.68549917999796,0.1310117741473347,1.366356637503824,160109,3.778226273626905,22.75059260072609,0.4325298020593156,407.0,48.0,0.0082561492896161,1,34.0,193.93872549019608,156.0,1,500,149.50888120496367,22,71,0.0539215686274509,0.1740196078431372,8.71,190,94095,5611,34.0,103.0,11.452070816699738,8.632662441222351,0.0,0.0,1.0,0.0,0.0,1.0,0.0,0.0,0.0,0.0,0.0,0.0,0.0,1.0,0.0,0.0,0.0,0.0,0.0,3.0,1,0,0,0,0,0,597,179,0,118,52,0,0,0,570
9982,6210.420068027211,3214.5,7756.353122042276,170,58548,-0.7537140221762466,-18.384270060922336,0.1618638202930108,1.248724613227736,58378,2.4402250891990693,7.422448870417186,0.5549169053585344,587.0,60.0,0.0112984218077474,1,49.0,266.6173469387755,244.0,1,500,166.29666192413762,11,46,0.0187074829931972,0.0782312925170068,8.71,323,60079,2759,49.0,541.0,11.003432286438017,7.9229859587111955,1.0,0.0,0.0,0.0,0.0,0.0,0.0,0.0,0.0,0.0,0.0,0.0,0.0,0.0,0.0,0.0,0.0,0.0,0.0,1.0,0,0,1,0,0,0,342,105,0,71,36,0,0,0,335
23900,3371.509259259259,2250.0,3366.535482854989,235,16355,-0.5399174801247861,-26.10178913372774,0.058425601310964,0.9982286849508658,16120,1.708170334168838,2.877128112192836,0.425886116312151,107.0,36.0,0.0361663099969428,1,9.0,313.6574074074074,313.0,18,500,156.69143787836518,0,2,0.0,0.0185185185185185,8.7,1300,17901,432,9.0,48.0,9.792667717430884,6.07073772800249,0.0,0.0,0.0,0.0,0.0,1.0,0.0,0.0,0.0,0.0,0.0,0.0,1.0,0.0,0.0,0.0,0.0,1.0,1.0,4.0,1,0,0,0,0,0,860,250,0,161,99,0,0,0,821
118804,2918.7272727272725,1540.0,3119.867424074564,215,15689,-0.57634110575761,-24.691671927911383,0.0909432368600012,1.0685475500457764,15474,1.654955670820355,2.398885283367272,0.5296677228877423,131.0,13.0,0.0282044744725603,1,11.0,340.43939393939394,384.0,19,500,158.277530401304,0,2,0.0,0.0151515151515151,8.69,1590,15378,505,11.0,56.0,9.640758221439924,6.226536669287466,0.0,0.0,0.0,0.0,0.0,1.0,0.0,0.0,0.0,0.0,0.0,0.0,0.0,0.0,0.0,0.0,0.0,0.0,0.0,1.0,0,0,0,1,0,0,307,94,0,52,35,0,0,0,301
1859,6565.897222222222,3460.0,8665.436640148997,348,63739,-0.6707296814740447,-30.107938461459323,0.1303771674931186,1.319563310786313,63391,3.105263588718456,12.80336840855612,0.5077133542657513,359.0,0.0,0.0116882913130108,-1,30.0,262.175,237.5,1,500,167.5158033589667,4,30,0.0111111111111111,0.0833333333333333,8.69,399,50344,2341,0.0,0.0,10.826654588349715,7.758760544157663,0.0,0.0,0.0,0.0,0.0,1.0,0.0,0.0,0.0,0.0,0.0,0.0,0.0,0.0,0.0,0.0,0.0,1.0,0.0,2.0,0,1,0,0,0,0,501,158,0,87,46,0,0,0,486
44347,117987.79166666669,66892.5,121357.20072612748,10612,589484,-0.3897906888338932,-1685.7997781207791,0.083345248710834,1.0285485511960917,578872,1.7876571449953378,3.331145026225584,0.5457564059430372,71.0,0.0,0.0339394283814318,-1,6.0,26.01388888888889,17.5,1,87,25.970866720421107,32,56,0.4444444444444444,0.7777777777777778,8.69,7,535639,39968,0.0,0.0,13.191217572609505,10.595859432628322,1.0,0.0,0.0,0.0,1.0,0.0,0.0,0.0,0.0,0.0,0.0,0.0,0.0,0.0,0.0,0.0,0.0,0.0,0.0,2.0,0,0,1,0,0,0,471,136,0,93,52,0,0,0,455
55215,23163.84523809524,15201.5,21906.717732724974,1245,91048,-0.4578517447616883,-160.3255340690493,0.0314895560460449,0.945688067740628,89803,1.2259103127294684,0.5838694529496467,0.4595672740831643,83.0,60.0,0.0332626746331605,1,7.0,94.98809523809524,68.5,1,424,89.48682984338814,14,31,0.1666666666666666,0.369047619047619,8.69,147,110308,5444,7.0,40.0,11.611040797561085,8.602453035367061,1.0,0.0,0.0,0.0,0.0,1.0,0.0,0.0,0.0,0.0,0.0,1.0,1.0,1.0,0.0,0.0,0.0,1.0,1.0,7.0,0,0,0,0,0,1,1238,378,0,251,118,0,0,0,1165
178671,2832.546296296296,1607.0,3329.326372336552,105,19969,-0.6628634927907171,-11.261268026778865,0.1000844220593071,1.174968052114866,19864,2.1919091260875816,5.667979569115985,0.515891809783284,323.0,60.0,0.0124442886474034,-1,27.0,350.78395061728395,388.5,29,500,154.27911691235732,0,5,0.0,0.015432098765432,8.68,1071,21087,869,0.0,0.0,9.956459437302234,6.76849321164863,0.0,0.0,0.0,0.0,0.0,0.0,0.0,0.0,0.0,0.0,0.0,0.0,0.0,1.0,0.0,0.0,0.0,0.0,0.0,1.0,0,0,0,0,0,1,390,125,0,68,35,0,0,0,381
102256,5037.010416666667,2692.5,5967.125464253411,218,44708,-0.673182236745383,-15.734148422953224,0.1334920769848869,1.1844210255129803,44490,2.329524836574342,7.085569339657621,0.5270986178094454,479.0,2.0,0.0117316811308938,1,40.0,279.7645833333333,268.5,1,500,165.7871526857848,4,30,0.0083333333333333,0.0625,8.68,445,45257,2522,40.0,412.0,10.720134729081686,7.833203948641057,0.0,0.0,1.0,0.0,0.0,0.0,0.0,0.0,0.0,0.0,0.0,0.0,0.0,0.0,0.0,0.0,1.0,0.0,0.0,2.0,0,0,1,0,0,0,569,151,0,122,49,0,0,0,548
107562,18367.954545454544,9394.5,19879.217140881014,1521,97983,-0.6142470376643916,-137.78790835520448,0.0697533950520324,1.0822182118034689,96462,1.640676071292523,2.453231573531287,0.5416995474707225,131.0,49.0,0.0240858108039149,-1,11.0,130.7651515151515,90.0,1,406,107.63531721909789,11,36,0.0833333333333333,0.2727272727272727,8.68,183,94992,4464,0.0,0.0,11.461558483657337,8.4040244933106,0.0,0.0,0.0,0.0,0.0,1.0,0.0,0.0,0.0,0.0,0.0,0.0,1.0,0.0,0.0,0.0,0.0,0.0,0.0,2.0,0,0,1,0,0,0,487,137,0,89,50,0,0,0,469
117077,2889.833333333333,1882.0,2238.624683197749,506,7918,-0.6638942567828707,-586.6083916083917,0.8182551703916543,0.7743873219479097,7412,0.7839995252505175,-0.4237912237683239,0.7900478215173065,11.0,1.0,0.1040666835059358,1,1.0,330.5,362.5,130,500,144.6688747911358,0,0,0.0,0.0,8.68,1934,13037,509,1.0,10.0,9.475623449484484,6.234410725718371,0.0,0.0,0.0,0.0,0.0,1.0,0.0,0.0,0.0,0.0,0.0,0.0,0.0,1.0,0.0,0.0,0.0,0.0,0.0,2.0,0,0,0,0,0,1,483,157,0,94,41,0,0,0,466
1133,28434.452898550724,15653.0,32673.38352501037,1267,225011,-0.608205152473612,-146.24314008076365,0.1271727324365905,1.1490368604846677,223744,2.457227567485156,8.578822686468447,0.5064640927032673,275.0,0.0,0.0134271213407344,1,23.0,90.77536231884058,65.5,1,468,84.80288466825365,45,118,0.1630434782608695,0.427536231884058,8.68,46,208094,15682,23.0,190.0,12.245749985182936,9.660332602134424,1.0,0.0,0.0,0.0,1.0,0.0,0.0,0.0,1.0,0.0,0.0,1.0,0.0,0.0,0.0,0.0,0.0,0.0,0.0,4.0,0,0,1,0,0,0,805,257,0,154,83,0,0,0,758
125036,26012.08333333333,17464.0,23057.135362658224,2457,92339,-0.4106328351170437,-821.3903474903474,0.1369547230075283,0.8863668742072057,89882,1.04849827478743,0.2611875550729299,0.6186535438727861,35.0,0.0,0.0626333401921181,1,3.0,90.19444444444444,68.5,1,323,71.8292030693662,3,13,0.0833333333333333,0.3611111111111111,8.68,133,117275,5455,3.0,21.0,11.672285410126836,8.604471199523298,0.0,1.0,0.0,0.0,0.0,1.0,0.0,0.0,0.0,0.0,0.0,0.0,0.0,0.0,0.0,0.0,0.0,0.0,0.0,2.0,0,0,0,0,0,1,491,126,0,117,58,0,0,0,465
21,77063.3125,44926.5,78670.92819464195,5192,361622,-0.4658036790062976,-474.7973293947432,0.0629376872877132,1.0208477263018725,356430,1.582696862331262,2.140605716474965,0.5831542824073697,143.0,0.0,0.0254907057645829,1,12.0,40.65277777777778,33.5,1,188,42.32370616327287,50,94,0.3472222222222222,0.6527777777777778,8.68,14,432130,33237,12.0,108.0,12.976484061998809,10.411449078687468,0.0,0.0,0.0,0.0,0.0,0.0,0.0,0.0,0.0,0.0,0.0,0.0,0.0,0.0,0.0,0.0,0.0,1.0,1.0,2.0,1,0,0,0,0,0,578,170,0,117,53,0,0,0,554
173266,679.75,343.5,664.2301673951415,100,2410,-0.5595850840336134,-8.231879863656827,0.0663377623206653,0.9757328937130246,2310,1.0165991495042437,-0.2329861858274959,0.5103190680504953,71.0,24.0,0.0489626556016597,-1,6.0,470.30555555555554,500.0,297,500,58.37823007691807,0,0,0.0,0.0,8.67,7703,3130,113,0.0,0.0,8.049107721326406,4.736198448394496,0.0,0.0,0.0,1.0,0.0,0.0,0.0,1.0,0.0,0.0,0.0,0.0,0.0,0.0,0.0,1.0,0.0,0.0,0.0,3.0,0,0,0,0,0,1,856,255,0,149,89,0,0,0,811
98930,8223.791666666666,5320.0,8740.847718133364,936,39088,-0.5570597729667721,-690.145652173913,0.2987177319194002,1.0627439663375504,38152,1.9378163271107525,4.004180685573696,0.7027294548891071,23.0,0.0,0.0347165370446172,1,2.0,227.45833333333331,172.5,34,496,163.38706067869091,0,3,0.0,0.125,8.67,656,32671,816,2.0,13.0,10.394273720964392,6.705639094860003,0.0,0.0,0.0,0.0,0.0,1.0,0.0,0.0,1.0,0.0,0.0,0.0,0.0,0.0,0.0,0.0,0.0,0.0,0.0,2.0,0,0,0,0,0,1,438,130,0,97,48,0,0,0,424
35513,3545.155555555556,2099.0,3600.2606338094506,205,16169,-0.6119537672687523,-17.746852269102956,0.0656032181938359,1.0152573899836774,15964,1.4380642147553049,1.404566563971942,0.4867160907015323,179.0,12.0,0.0242130001855402,-1,15.0,317.4111111111111,316.0,37,500,160.6196607893902,0,4,0.0,0.0222222222222222,8.67,1052,21348,644,0.0,0.0,9.968760179152325,6.4692503167957724,0.0,1.0,0.0,0.0,0.0,0.0,0.0,0.0,0.0,0.0,0.0,0.0,1.0,0.0,0.0,0.0,0.0,0.0,0.0,2.0,0,0,0,0,0,1,555,161,0,118,52,0,0,0,534
123006,5584.645833333333,3445.0,5960.547414351525,421,24535,-0.5184554082567651,-148.83939426834564,0.1196674910524647,1.067118752639292,24114,1.6580298915148577,2.19228098200979,0.5551723444159541,47.0,0.0,0.0370898716119828,1,4.0,264.3125,236.5,31,500,171.00111552389555,0,4,0.0,0.0833333333333333,8.67,1008,22216,986,4.0,22.0,10.008613040577128,6.894670039433482,1.0,0.0,0.0,0.0,0.0,0.0,0.0,0.0,0.0,0.0,0.0,0.0,1.0,0.0,0.0,0.0,0.0,1.0,0.0,3.0,1,0,0,0,0,0,658,192,0,135,50,0,0,0,625
24875,2780.264492753623,1578.5,3125.465508338189,117,18599,-0.6250555381551421,-13.503555885332688,0.118494471432326,1.1237570236420724,18482,1.930835388088548,4.101772014904988,0.475101031697589,275.0,24.0,0.0131861928060648,1,23.0,349.69202898550725,390.5,12,500,153.38287820929452,0,2,0.0,0.0072463768115942,8.66,1273,18258,1230,23.0,178.0,9.812413388136733,7.115582126184454,1.0,0.0,0.0,0.0,1.0,0.0,0.0,0.0,1.0,0.0,0.0,0.0,0.0,0.0,1.0,0.0,0.0,1.0,0.0,5.0,0,0,0,0,0,1,905,258,0,164,104,0,0,0,851
85968,14042.90322580645,7413.5,16545.528345037554,706,97892,-0.6288956574710644,-54.319502931671884,0.124294465110248,1.1781289061173696,97186,2.253490548921381,5.986251754061229,0.4930339668722097,371.0,24.0,0.0167761410534057,1,31.0,165.6478494623656,118.5,1,500,139.96453917531392,27,80,0.0725806451612903,0.2150537634408602,8.66,145,111411,6248,31.0,314.0,11.620990320602132,8.740176729929082,1.0,1.0,1.0,0.0,0.0,0.0,0.0,0.0,0.0,0.0,0.0,0.0,0.0,0.0,0.0,0.0,0.0,0.0,0.0,3.0,0,0,1,0,0,0,654,171,0,141,69,0,0,0,628
132214,27719.902777777777,15106.5,32115.91844678216,1382,237483,-0.4877379831639342,-151.05521320806392,0.0860097511814638,1.158545185351164,236101,2.518769378829929,9.458687883966572,0.4538120923549847,215.0,36.0,0.0133135845513152,-1,18.0,90.36111111111111,61.5,1,376,87.71586687976774,37,93,0.1712962962962963,0.4305555555555556,8.66,76,174351,9431,0.0,0.0,12.068831523216668,9.151863442217207,1.0,1.0,0.0,0.0,0.0,0.0,0.0,0.0,1.0,0.0,0.0,0.0,0.0,0.0,0.0,0.0,0.0,0.0,0.0,3.0,0,0,0,0,0,1,620,189,0,124,65,0,0,0,595
399,4765.041666666667,2372.0,5751.151879038137,262,39342,-0.6939647971022694,-48.92411828540424,0.0555712844426202,1.206693579550774,39080,2.8452872323602945,12.154920503507876,0.3980323710401879,95.0,12.0,0.0149903411112805,-1,8.0,291.78125,295.0,1,500,166.8418789306335,1,5,0.0104166666666666,0.0520833333333333,8.66,1011,22132,541,0.0,0.0,10.004824986442046,6.295266001439646,0.0,1.0,0.0,0.0,0.0,1.0,0.0,0.0,1.0,0.0,0.0,0.0,0.0,0.0,0.0,0.0,0.0,0.0,0.0,3.0,0,0,0,0,0,1,603,196,0,106,65,0,0,0,584
88660,23352.197916666668,13557.5,21214.761903870432,1782,89722,-0.5238762870679331,-204.99879951166577,0.0717035082753525,0.9084306988521652,87940,0.998308060792092,0.0437953368679107,0.5718222491617665,95.0,0.0,0.0466886605291901,1,8.0,96.70833333333331,62.0,1,358,89.67149731411625,13,38,0.1354166666666666,0.3958333333333333,8.65,121,124912,10875,8.0,50.0,11.735372773963997,9.294313805752362,0.0,0.0,0.0,0.0,0.0,1.0,0.0,0.0,0.0,1.0,0.0,0.0,0.0,0.0,0.0,0.0,0.0,0.0,0.0,2.0,0,0,0,0,0,1,552,169,0,111,57,0,0,0,530
137200,2847.526666666666,1607.5,3228.129680783527,144,20666,-0.5870693902750322,-12.498149979444214,0.1124206147778023,1.1332629315213925,20522,2.293816122703096,7.129295776851636,0.4882932015337148,299.0,12.0,0.0172142649762895,1,25.0,347.1666666666667,386.0,13,500,154.74729579399943,0,3,0.0,0.01,8.65,1082,20869,822,0.0,260.0,9.946068000071246,6.71295620067707,1.0,1.0,0.0,1.0,0.0,0.0,0.0,0.0,1.0,0.0,0.0,0.0,1.0,0.0,0.0,0.0,0.0,0.0,0.0,5.0,0,0,0,0,0,1,970,274,0,205,96,0,0,0,917
904,7512.035714285715,3957.0,9270.8594916011,319,64435,-0.6947583608930549,-31.97975457599666,0.1119447464084591,1.2339698417742055,64116,2.480802210922916,7.894996377992825,0.4312472202255411,335.0,48.0,0.0109257391169395,1,28.0,240.7767857142857,205.5,1,500,170.18400632467194,11,44,0.0327380952380952,0.1309523809523809,8.65,353,54204,1650,28.0,142.0,10.900528434095392,7.409136443920128,1.0,0.0,0.0,0.0,0.0,0.0,0.0,0.0,0.0,0.0,0.0,0.0,0.0,0.0,0.0,0.0,0.0,0.0,0.0,1.0,0,0,1,0,0,0,352,117,0,73,31,0,0,0,343
70399,5320.694444444444,2732.5,6083.090499351663,228,30969,-0.6263409335127469,-33.06970688395733,0.0797925777869673,1.1430739894700408,30741,2.1508819077000183,4.821394126588798,0.45573049646739,179.0,0.0,0.025218767154251,1,15.0,270.21666666666664,274.5,3,500,158.10943028309362,2,11,0.0111111111111111,0.0611111111111111,8.65,655,32702,1291,15.0,0.0,10.395222095796468,7.163946684342547,0.0,0.0,0.0,0.0,0.0,1.0,0.0,0.0,0.0,0.0,0.0,0.0,0.0,1.0,0.0,0.0,0.0,1.0,0.0,3.0,0,0,0,0,0,1,596,186,0,113,59,0,0,0,573
664,32445.625,17642.0,36430.74773664469,2070,203441,-0.592680353254659,-359.31965078140075,0.0420170667169071,1.1227900509419604,201371,2.102837562886405,5.4783184924073165,0.5116727445283904,71.0,49.0,0.0223713509076341,1,6.0,78.0,64.0,1,311,71.22967546371854,12,32,0.1666666666666666,0.4444444444444444,8.65,96,149316,6995,6.0,120.0,11.913826841747133,8.853093836138493,1.0,0.0,1.0,0.0,0.0,0.0,0.0,0.0,0.0,0.0,0.0,0.0,0.0,0.0,1.0,0.0,0.0,0.0,0.0,3.0,0,0,1,0,0,0,667,222,0,141,56,0,0,0,633
44,8279.63528138528,4111.0,11784.176846806364,247,116295,-0.6931871417277438,-18.48596082258054,0.1750845166268647,1.423100576992804,116048,3.5022017403270502,17.377192392042247,0.5513187793968599,923.0,24.0,0.0047572982501397,1,77.0,235.47619047619048,198.0,1,500,165.48447984469786,36,113,0.0389610389610389,0.1222943722943722,8.65,156,104691,8505,77.0,709.0,11.558777985152318,9.04852707581358,1.0,0.0,0.0,0.0,1.0,0.0,0.0,0.0,0.0,0.0,0.0,0.0,0.0,0.0,1.0,0.0,0.0,0.0,0.0,3.0,1,0,0,0,0,0,674,185,0,154,68,0,0,0,641
4,15858.327380952382,8879.5,19685.38440499915,952,150850,-0.6282039441433328,-124.99048521722403,0.0948173990610156,1.2412496401733908,149898,3.333943265816665,16.33205072939237,0.3930000153682739,167.0,0.0,0.0143039443155452,1,14.0,146.23809523809524,103.0,1,497,126.9531802568343,15,46,0.0892857142857142,0.2738095238095238,8.65,210,86413,5630,14.0,142.0,11.366904978702602,8.636042325254618,0.0,0.0,1.0,0.0,0.0,0.0,0.0,0.0,0.0,0.0,0.0,0.0,0.0,0.0,1.0,1.0,0.0,0.0,0.0,3.0,0,0,1,0,0,0,745,219,0,170,86,0,0,0,717
81,8808.986111111111,4263.5,9652.620771055244,421,49714,-0.5784769655100633,-64.07609516919862,0.076142017675715,1.0956454016291133,49293,1.6690822915980554,2.4597918376003536,0.5146128653277483,143.0,0.0,0.0210202357484813,1,12.0,208.38888888888889,168.5,1,500,150.53202460638985,4,22,0.0277777777777777,0.1527777777777778,8.64,448,45199,2758,12.0,67.0,10.718852365820323,7.922623574217286,0.0,0.0,0.0,0.0,0.0,0.0,0.0,0.0,0.0,0.0,0.0,0.0,0.0,0.0,1.0,1.0,0.0,0.0,0.0,2.0,1,0,0,0,0,0,660,193,0,148,64,0,0,0,628
145863,40770.833333333336,29497.5,34371.553455906265,7240,118603,-0.7572257944821782,-8757.237762237763,0.7735542059004488,0.8430220239276199,111363,1.2606878701520026,0.2421453054881115,0.9569401708412912,11.0,0.0,0.1030349147997942,1,1.0,50.583333333333336,59.5,1,84,31.23421823719763,3,4,0.25,0.3333333333333333,8.63,80,171015,9598,1.0,0.0,12.049512398359116,9.169414205363536,0.0,0.0,0.0,0.0,0.0,1.0,0.0,0.0,0.0,0.0,0.0,0.0,0.0,0.0,0.0,0.0,0.0,0.0,0.0,1.0,1,0,0,0,0,0,313,93,0,62,29,0,0,0,306
6978,2617.35,1379.0,2811.1446709184734,184,16417,-0.4600415517091648,-17.28240850059032,0.0453516638835308,1.0736321236345308,16233,1.8887139734891167,4.511686211692978,0.4516220289848597,119.0,49.0,0.0245781811536821,1,10.0,356.475,426.5,63,500,150.3521955554136,0,0,0.0,0.0,8.63,1885,13363,352,10.0,94.0,9.500319803476646,5.8664680569332965,1.0,1.0,0.0,0.0,0.0,1.0,0.0,0.0,0.0,0.0,0.0,0.0,0.0,0.0,1.0,0.0,0.0,0.0,0.0,4.0,0,0,0,0,0,1,785,240,0,165,70,0,0,0,746
78523,30280.81111111111,16196.5,32878.37725429027,1590,163854,-0.5426241356026213,-192.5670586540737,0.0926176174667504,1.08574672544029,162264,1.7442541124466662,2.6916527073193643,0.4594694880148447,179.0,52.0,0.0335359527384134,1,15.0,87.43888888888888,66.0,1,378,85.15822945088676,34,74,0.1888888888888888,0.4111111111111111,8.63,69,177336,12481,15.0,238.0,12.085807156133642,9.432042885493988,0.0,0.0,0.0,0.0,1.0,1.0,0.0,0.0,0.0,0.0,0.0,0.0,0.0,1.0,0.0,1.0,0.0,0.0,0.0,4.0,0,0,0,0,0,1,801,231,0,152,77,0,0,0,765
60783,21190.697916666668,13190.5,21699.03687936584,1379,102810,-0.5368211833734916,-101.75706331551964,0.0675550226661058,1.0239404584141494,101431,1.5029282807745263,1.8805151985731865,0.4227825492365892,191.0,108.0,0.0226485750413383,1,16.0,113.41666666666669,77.0,1,429,103.81395284621212,25,71,0.1302083333333333,0.3697916666666667,8.62,112,131482,5938,16.0,109.0,11.786632844676353,8.68929604801586,1.0,0.0,1.0,0.0,1.0,0.0,0.0,0.0,0.0,0.0,0.0,0.0,0.0,0.0,0.0,0.0,0.0,1.0,0.0,4.0,0,0,0,0,0,1,728,231,0,142,71,0,0,0,698
116778,102531.04861111112,54387.0,119770.08129765232,5265,959658,-0.6510260104804536,-444.6129701521928,0.0952502359428347,1.1681233616224964,954393,2.6531947084847483,10.800214091810387,0.427971358153846,287.0,48.0,0.0111331328452427,1,24.0,34.361111111111114,28.0,1,166,35.05999047488127,101,213,0.3506944444444444,0.7395833333333334,8.62,2,739771,91898,24.0,232.0,13.51409730959719,11.428445426891756,1.0,0.0,1.0,0.0,0.0,0.0,0.0,0.0,1.0,0.0,0.0,0.0,0.0,0.0,0.0,0.0,0.0,0.0,0.0,3.0,1,0,0,0,0,0,580,187,0,132,53,0,0,0,556
61579,1994.9635416666667,1192.0,2336.758432664601,106,14542,-0.6190505890505891,-12.829843779670671,0.0926028876563381,1.1707420420682455,14436,2.5464855470688468,8.38616194142223,0.5277985601666035,191.0,13.0,0.0175869894099848,1,16.0,387.8854166666667,457.5,35,500,136.10794351295735,0,3,0.0,0.015625,8.62,2064,12213,577,16.0,155.0,9.41033811378308,6.359573868672378,0.0,0.0,0.0,0.0,0.0,1.0,0.0,0.0,0.0,0.0,0.0,0.0,0.0,0.0,0.0,0.0,0.0,0.0,0.0,1.0,0,0,1,0,0,0,343,111,0,67,32,0,0,0,338
745,28528.729166666668,14643.0,30371.801722389628,1808,127787,-0.5885320646362157,-251.82497287032012,0.0527922987714515,1.0645667733108095,125979,1.6237742738680718,2.2411404037839464,0.4826381335027077,95.0,12.0,0.0248147307629101,1,8.0,92.69791666666669,61.5,1,381,84.2678170813729,14,35,0.1458333333333333,0.3645833333333333,8.62,102,140697,5734,8.0,65.0,11.85437102836037,8.65434302956347,1.0,0.0,1.0,0.0,0.0,0.0,0.0,0.0,0.0,0.0,0.0,0.0,1.0,0.0,1.0,0.0,0.0,0.0,1.0,5.0,0,0,1,0,0,0,1048,322,0,196,119,0,0,0,1005
81669,10499.170833333334,5389.5,11897.895351699082,641,65136,-0.6552580168291985,-54.89718180871195,0.1021864962231538,1.1331144550456838,64495,1.9828040232232769,4.133809803190179,0.4379773720637713,239.0,24.0,0.0198584500122819,-1,20.0,187.65833333333333,147.0,1,500,147.63228507756094,12,47,0.05,0.1958333333333333,8.62,272,69362,4078,0.0,0.0,11.147108863114212,8.313607139317558,1.0,0.0,0.0,0.0,0.0,0.0,0.0,0.0,1.0,0.0,0.0,0.0,0.0,0.0,0.0,0.0,0.0,0.0,0.0,2.0,0,0,0,0,0,1,476,126,0,93,55,0,0,0,448
145539,4129.347222222223,2316.5,4683.396542158629,308,27351,-0.4773254726954078,-32.83668515392653,0.0849414263502146,1.1338989896444718,27043,2.3456768285066087,6.625219008983356,0.52380024037712,143.0,0.0,0.0145515703264962,1,12.0,300.0625,304.5,1,500,162.40489604816926,1,5,0.0069444444444444,0.0347222222222222,8.61,1004,22264,961,12.0,135.0,10.010771217755805,6.8690144506657065,0.0,0.0,0.0,0.0,0.0,0.0,0.0,0.0,0.0,0.0,0.0,0.0,0.0,1.0,0.0,0.0,0.0,0.0,0.0,1.0,0,0,0,0,0,1,379,119,0,68,35,0,0,0,370
118289,6792.955555555555,3620.5,7638.187943428454,354,42213,-0.6401936725908666,-24.965213980560545,0.115374626851256,1.1242622771034398,41859,1.85773238093463,3.4046917145080204,0.482280746524269,359.0,0.0,0.0160732475777604,-1,30.0,245.36111111111111,207.0,1,500,163.76170912805964,8,38,0.0222222222222222,0.1055555555555555,8.61,355,54023,2750,0.0,0.0,10.89718367125468,7.919719760924575,0.0,0.0,1.0,0.0,0.0,1.0,0.0,0.0,0.0,0.0,0.0,0.0,0.0,0.0,0.0,0.0,0.0,0.0,0.0,2.0,0,0,1,0,0,0,448,133,0,91,46,0,0,0,436
60553,9715.171568627453,5497.0,10755.136188642637,674,62378,-0.6225215373124808,-42.85433066414119,0.0550587385896575,1.106931481466414,61704,1.927881568968555,4.131551677058519,0.4824519561013187,203.0,37.0,0.017939016961108,1,17.0,197.73039215686276,154.0,1,500,151.39084224461033,11,33,0.0539215686274509,0.1617647058823529,8.61,322,60151,3125,17.0,127.0,11.004629971057865,8.047509510981422,0.0,1.0,0.0,0.0,1.0,0.0,0.0,0.0,1.0,0.0,0.0,0.0,0.0,0.0,0.0,0.0,0.0,0.0,0.0,3.0,0,0,0,0,0,1,647,201,0,134,67,0,0,0,620
756,10658.25,5366.5,12017.091245160684,544,66328,-0.6594569992778045,-59.12887462196649,0.1048770837223534,1.1273861899440096,65784,1.8931549118231823,3.5701344889945235,0.5160064306029174,227.0,12.0,0.0186271257990592,1,19.0,187.4298245614035,148.0,1,500,147.04525316689617,12,41,0.0526315789473684,0.1798245614035087,8.61,284,67216,2604,19.0,110.0,11.115681470708637,7.865187954187467,1.0,1.0,0.0,0.0,0.0,1.0,0.0,0.0,0.0,0.0,0.0,0.0,0.0,0.0,0.0,0.0,0.0,0.0,1.0,4.0,0,1,0,0,0,0,831,234,0,183,66,0,0,0,791
107931,20404.893333333333,11152.0,24208.266678043863,763,163786,-0.6499843100713469,-89.1683885376504,0.1017538579467663,1.1863370195363756,163023,2.512111830869062,8.726597233443055,0.4709355555163909,299.0,36.0,0.0138152833575519,-1,25.0,124.10666666666668,90.0,1,500,113.18245721940404,36,92,0.12,0.3066666666666666,8.61,100,144724,9224,0.0,0.0,11.882590668947206,9.129672468908728,0.0,0.0,1.0,0.0,0.0,1.0,0.0,0.0,0.0,0.0,0.0,0.0,0.0,0.0,0.0,0.0,0.0,0.0,0.0,2.0,0,0,1,0,0,0,500,147,0,112,46,0,0,0,481
1325,4416.5625,2670.5,4700.599100364097,320,28530,-0.6656303366711421,-22.41262241271736,0.0698374467370194,1.064070763088037,28210,1.841894634479452,4.063151772046511,0.4220486068642448,191.0,48.0,0.0239309498773221,-1,16.0,293.984375,273.0,20,500,164.41523514421053,0,9,0.0,0.046875,8.6,830,26614,870,16.0,19.0,10.189230245606858,6.769641976852503,0.0,0.0,0.0,0.0,0.0,1.0,0.0,0.0,1.0,0.0,0.0,0.0,0.0,1.0,1.0,0.0,0.0,1.0,0.0,5.0,1,0,0,0,0,0,943,292,0,204,82,0,0,0,899
180916,624.4166666666666,362.5,571.8918106211661,100,1825,-0.7598825256975037,-150.82867132867133,0.8288860810371299,0.9144172854702188,1725,0.9314601325320612,-0.4607094465935608,0.91881067540133,11.0,0.0,0.0897260273972602,1,1.0,475.25,500.0,341,500,51.23658360976072,0,0,0.0,0.0,8.59,8564,2743,32,1.0,0.0,7.917171988845776,3.49650756146648,0.0,0.0,0.0,0.0,0.0,0.0,0.0,0.0,0.0,1.0,0.0,0.0,0.0,0.0,0.0,0.0,0.0,0.0,0.0,1.0,0,0,0,0,0,1,476,144,0,99,53,0,0,0,466
37707,16664.659090909092,8950.5,18068.745590370643,1078,98745,-0.4965537514236294,-107.3496449312038,0.05124917860443,1.0841902796527811,97667,1.789313087900906,3.577191887664488,0.4381317198644657,131.0,36.0,0.0184895437743683,1,11.0,143.43939393939394,95.0,1,469,124.86363820218934,16,35,0.1212121212121212,0.2651515151515151,8.59,205,88361,2859,11.0,44.0,11.389197291954217,7.958576903813898,0.0,0.0,1.0,0.0,0.0,1.0,0.0,0.0,0.0,0.0,0.0,0.0,0.0,1.0,0.0,0.0,0.0,0.0,0.0,3.0,1,0,0,0,0,0,590,173,0,100,49,0,0,0,570
13245,5446.796666666667,2851.0,6793.502876424568,165,50690,-0.7288063016330452,-15.250781696615825,0.1511877939689152,1.247018435543281,50525,2.493440117797427,8.04376130095751,0.5302063033164065,599.0,24.0,0.0096123495758532,1,50.0,278.24666666666667,264.0,1,500,167.44920370733993,9,41,0.015,0.0683333333333333,8.59,345,55150,3013,50.0,253.0,10.917830156883532,8.01102337918644,0.0,0.0,1.0,0.0,0.0,1.0,0.0,0.0,0.0,0.0,0.0,0.0,0.0,1.0,0.0,0.0,0.0,0.0,0.0,3.0,0,0,0,1,0,0,599,180,0,125,61,0,0,0,574
114043,8101.5,4946.5,8669.365040666666,640,35856,-0.5233297349860648,-177.8245766391663,0.0807461228944963,1.0699617452226675,35216,1.6108143047986496,1.8687916650142915,0.5052605955843091,47.0,0.0,0.0373577643908969,1,4.0,212.52083333333331,165.0,1,500,160.6813603563656,1,8,0.0208333333333333,0.1666666666666666,8.59,591,35146,985,4.0,26.0,10.467294545090018,6.893656354602635,0.0,0.0,0.0,0.0,0.0,0.0,0.0,0.0,0.0,0.0,0.0,0.0,0.0,1.0,0.0,0.0,0.0,0.0,0.0,1.0,0,0,0,0,0,1,362,111,0,68,33,0,0,0,353
698,22273.5,13104.5,24795.452268558864,1427,130235,-0.689434614397351,-158.21966633090543,0.0957632308571055,1.1131766041239473,128808,2.013240569219318,4.470370709891762,0.4122672854566518,167.0,36.0,0.0209256344300687,1,14.0,106.64880952380952,83.0,1,425,98.50877045078587,22,61,0.1309523809523809,0.3630952380952381,8.59,117,128861,8422,14.0,97.0,11.76649734329235,9.038721338315364,1.0,0.0,0.0,0.0,0.0,1.0,0.0,0.0,0.0,0.0,0.0,0.0,1.0,0.0,1.0,0.0,0.0,0.0,1.0,5.0,1,0,1,0,0,0,1030,310,0,200,114,0,0,0,984
11054,14424.470833333333,7172.0,17270.949659012655,777,113663,-0.6859832896322225,-79.649520390979,0.1020863299363915,1.197253792167684,112886,2.1892312756729084,5.869277163257598,0.4285989732280822,239.0,36.0,0.0115362958922428,1,20.0,161.6625,126.0,1,500,135.87469200363742,22,61,0.0916666666666666,0.2541666666666666,8.59,202,89530,3408,20.0,165.0,11.402340213006235,8.134174272137903,0.0,0.0,0.0,0.0,0.0,1.0,0.0,0.0,0.0,0.0,0.0,0.0,1.0,0.0,0.0,0.0,0.0,1.0,0.0,3.0,0,0,1,0,0,0,610,175,0,135,57,0,0,0,581
92559,2388.958333333333,1264.5,2783.7776475341825,130,18939,-0.6994604037668365,-8.594386016182364,0.1322199829144897,1.1647808284806287,18809,2.246977831911072,6.2961007165408684,0.5112276604315908,407.0,13.0,0.0130286709963567,1,34.0,369.6053921568628,439.5,16,500,145.4772189912718,0,3,0.0,0.0073529411764705,8.58,1135,20146,1110,34.0,309.0,9.91081067291591,7.01301578963963,0.0,0.0,0.0,0.0,0.0,0.0,0.0,0.0,0.0,0.0,0.0,0.0,0.0,0.0,0.0,0.0,1.0,0.0,0.0,1.0,1,0,0,0,0,0,462,139,0,79,54,0,0,0,449
134744,8909.892857142857,4721.5,11256.817548043897,406,85378,-0.6506465113147952,-48.93349583034322,0.0999986711021001,1.2632648297438092,84972,2.930106956115575,11.993998852971568,0.4967568607421768,251.0,0.0,0.0123978073976902,1,21.0,216.04761904761904,180.0,1,500,155.93236512774078,8,42,0.0317460317460317,0.1666666666666666,8.58,327,59292,1674,0.0,202.0,10.990246534173238,7.423568444259167,1.0,1.0,0.0,0.0,0.0,0.0,0.0,0.0,1.0,0.0,0.0,0.0,0.0,0.0,0.0,0.0,0.0,0.0,0.0,3.0,0,0,0,0,0,1,670,196,0,145,61,0,0,0,650
116312,2122.4533333333334,1259.0,2416.4670729163454,128,12962,-0.5934954947494482,-9.646489849887224,0.119517994656645,1.137989253158226,12834,1.985662640376452,4.024670918535651,0.5473303430714388,299.0,0.0,0.0173777194877333,-1,25.0,378.42333333333335,453.5,49,500,141.8768625330509,0,2,0.0,0.0066666666666666,8.57,1531,15937,871,0.0,0.0,9.676461473957694,6.77078942390898,0.0,0.0,0.0,1.0,1.0,0.0,0.0,0.0,0.0,0.0,0.0,0.0,0.0,0.0,0.0,0.0,0.0,0.0,0.0,2.0,0,0,0,0,0,1,537,161,0,112,48,0,0,0,519
103237,14068.309523809525,8950.0,13966.540210510762,729,61566,-0.5009529590507624,-160.3179710438392,0.0774644631859951,0.9926954970231592,60837,1.321083993228553,1.1453360459656192,0.6029622872419242,83.0,0.0,0.0354578825975376,-1,7.0,148.54761904761904,111.5,1,500,128.31243535121465,10,25,0.119047619047619,0.2976190476190476,8.57,280,67900,3534,0.0,553.0,11.12580604097884,8.170468578330674,0.0,0.0,0.0,0.0,0.0,1.0,0.0,0.0,0.0,0.0,0.0,0.0,0.0,0.0,0.0,0.0,1.0,0.0,0.0,2.0,0,0,0,0,0,1,550,164,0,109,47,0,0,0,525
3006,18681.43981481481,10476.0,23392.03613107437,928,158440,-0.622770853779576,-126.19775479584185,0.1131577106113935,1.2520867918185363,157512,2.703406875204824,9.3368229155183,0.5086174344540169,215.0,0.0,0.015747286038879,1,18.0,136.08333333333334,95.0,1,500,116.64945309519204,19,57,0.0879629629629629,0.2638888888888889,8.57,140,115364,6675,18.0,174.0,11.655856294159264,8.806274284781725,1.0,0.0,0.0,0.0,0.0,0.0,0.0,0.0,0.0,0.0,0.0,0.0,0.0,0.0,0.0,0.0,0.0,1.0,0.0,2.0,1,0,0,0,0,0,516,161,0,103,44,0,0,0,496
66517,1762.3125,1024.0,1802.016014036432,141,7612,-0.5231462188229129,-13.237859468258277,0.0414412010802895,1.0219493221062244,7471,1.408401948519247,1.198116011204669,0.41019661558237,95.0,24.0,0.0315948502364687,1,8.0,396.6875,492.5,95,500,131.2769268013868,0,0,0.0,0.0,8.57,3164,8156,561,8.0,0.0,9.00663173330058,6.331501849893691,0.0,0.0,0.0,0.0,0.0,0.0,0.0,0.0,1.0,0.0,0.0,1.0,1.0,0.0,0.0,0.0,0.0,1.0,1.0,5.0,0,0,0,0,0,1,1044,282,0,242,106,0,0,0,980
93097,1888.875,1186.0,1873.466146222468,156,7449,-0.5286569717707442,-49.54504993486757,0.1342213285846029,0.9913174925444636,7293,1.409203944426112,1.1840804546561072,0.5265895966242733,47.0,0.0,0.0523224593905222,1,4.0,389.5208333333333,462.0,114,500,130.7789148371106,0,0,0.0,0.0,8.57,3148,8197,135,4.0,155.0,9.011645501064285,4.912654885736052,0.0,0.0,0.0,0.0,1.0,1.0,0.0,0.0,0.0,0.0,0.0,0.0,1.0,0.0,0.0,0.0,0.0,1.0,0.0,4.0,0,0,0,0,0,1,783,250,0,152,73,0,0,0,732
2062,4273.291666666667,3290.0,4201.421252377647,333,17266,-0.5128658736938949,-302.3421739130435,0.2481370447808954,0.9829514642490814,16933,1.5778516799644615,2.098908017599353,0.4366616318902029,23.0,0.0,0.0549345534576624,1,2.0,289.7916666666667,248.5,63,500,160.40495087087834,0,0,0.0,0.0,8.57,1200,19299,625,2.0,10.0,9.867860374892976,6.439350371100098,1.0,0.0,0.0,0.0,0.0,0.0,0.0,0.0,1.0,0.0,0.0,0.0,1.0,0.0,0.0,0.0,0.0,0.0,0.0,3.0,0,0,0,0,0,1,609,184,0,127,60,0,0,0,584
137303,3597.847222222222,2097.5,3848.749531448574,166,18877,-0.5170071233253313,-13.731615888823248,0.087983754064108,1.0694395437748097,18711,1.6810940428306265,2.5774032086165146,0.5013264254071401,287.0,12.0,0.0201568045769984,-1,24.0,319.27430555555554,320.0,16,500,161.93778093870213,0,6,0.0,0.0208333333333333,8.57,837,26447,728,0.0,0.0,10.182935820060806,6.591673732008658,0.0,0.0,0.0,0.0,0.0,0.0,0.0,0.0,0.0,0.0,0.0,0.0,0.0,0.0,0.0,1.0,0.0,0.0,0.0,1.0,0,0,1,0,0,0,415,99,0,85,41,0,0,0,400
11514,11424.104938271605,6152.5,14409.501035350024,551,137439,-0.6117992193004337,-46.766866185070526,0.0921474434040773,1.2612138893430505,136888,3.6316129345054335,21.92481427222443,0.4169124217821346,323.0,48.0,0.0068339408755884,-1,27.0,183.7808641975309,139.5,1,500,149.1769750354747,20,61,0.0617283950617283,0.1882716049382716,8.57,218,83097,2897,0.0,0.0,11.327775913165228,7.971776122880628,0.0,0.0,1.0,0.0,0.0,0.0,0.0,0.0,0.0,0.0,0.0,0.0,0.0,1.0,0.0,0.0,0.0,0.0,0.0,2.0,0,0,1,0,0,0,526,165,0,93,56,0,0,0,505
121496,106920.67777777778,57323.5,120072.23722514596,5891,737517,-0.5575307467532069,-673.7923166352872,0.0850192487721888,1.122992453173994,731626,2.021127372902394,5.115079965321817,0.410618522886135,179.0,48.0,0.0147708459601609,1,15.0,36.86111111111112,32.5,1,154,34.468627263529065,56,127,0.3111111111111111,0.7055555555555556,8.56,5,623185,47185,15.0,201.0,13.34260030858801,10.76185251740666,1.0,1.0,0.0,0.0,0.0,0.0,0.0,0.0,1.0,0.0,0.0,0.0,0.0,0.0,0.0,0.0,0.0,0.0,0.0,3.0,0,0,0,0,0,1,641,199,0,100,74,0,0,0,611
79993,1053.404761904762,598.5,1074.7038586451845,100,4511,-0.4691302399379868,-10.328763794674495,0.0543043784489186,1.0192517119362705,4411,1.3773667322401122,1.071540121678491,0.4878249886397747,83.0,0.0,0.0366880957659055,1,7.0,441.2261904761905,500.0,170,500,91.98451619061146,0,0,0.0,0.0,8.56,5119,4975,205,7.0,0.0,8.512381634419015,5.327876168789581,0.0,0.0,0.0,0.0,0.0,0.0,0.0,0.0,1.0,0.0,0.0,1.0,1.0,0.0,0.0,0.0,0.0,1.0,1.0,5.0,0,0,0,0,0,1,1095,337,0,214,120,0,0,0,1038
87844,9655.386363636364,5574.0,10621.470390310293,548,53904,-0.6093596551643097,-42.62735751227751,0.0935465797914047,1.0999425655034063,53356,1.8499095119230748,3.423399729032127,0.4866389920344977,263.0,13.0,0.0312546378747402,1,22.0,196.0871212121212,156.0,1,500,148.96825719702383,14,43,0.053030303030303,0.1628787878787878,8.56,278,68242,2203,22.0,240.0,11.130830143684586,7.698029170272805,0.0,0.0,1.0,0.0,1.0,0.0,0.0,0.0,0.0,0.0,0.0,0.0,0.0,0.0,0.0,0.0,0.0,0.0,1.0,3.0,0,0,1,0,0,0,714,225,0,146,51,0,0,0,685
3031,28366.77083333333,14649.0,36060.27794747111,1129,258635,-0.5564911428962976,-147.25426397244692,0.115259335727454,1.2711706591022922,257506,2.9727713554422834,12.13481116193859,0.5915604288055419,287.0,49.0,0.0118265122663212,1,24.0,97.47222222222224,67.5,1,470,93.262506194764,49,109,0.1701388888888889,0.3784722222222222,8.56,55,194468,17438,24.0,107.0,12.178028046304394,9.76646435636946,0.0,1.0,0.0,0.0,0.0,0.0,0.0,0.0,1.0,0.0,0.0,0.0,1.0,0.0,0.0,0.0,0.0,0.0,0.0,3.0,1,0,0,0,0,0,671,231,0,137,59,0,0,0,646
138533,3411.86858974359,1976.5,3911.714724016862,170,27922,-0.5601050304035379,-13.460723934951664,0.0960563247365803,1.146166229714327,27752,2.279503857608057,6.937952988355278,0.4252157149600605,311.0,24.0,0.0121051500608838,-1,26.0,326.78846153846155,336.5,11,500,158.1466987591027,0,7,0.0,0.0224358974358974,8.56,869,25409,618,0.0,0.0,10.142898076314207,6.428105272684596,0.0,0.0,0.0,0.0,1.0,0.0,0.0,0.0,0.0,0.0,0.0,0.0,0.0,0.0,0.0,0.0,0.0,0.0,0.0,1.0,0,0,0,0,0,1,349,118,0,68,36,0,0,0,337
23390,84264.75980392157,44434.0,102160.24925118798,2443,739487,-0.6656123566731541,-289.89547297385644,0.1117005857055659,1.212357777214674,737044,2.439666767328958,7.667181666169517,0.4913309397456072,407.0,49.0,0.0139011909607606,1,34.0,42.71568627450981,31.5,1,288,45.63949258430199,126,265,0.3088235294117647,0.6495098039215687,8.56,4,695953,69928,34.0,141.0,13.453038845178364,11.155235720581366,1.0,0.0,1.0,0.0,0.0,1.0,0.0,0.0,0.0,0.0,0.0,0.0,0.0,0.0,0.0,0.0,0.0,0.0,1.0,4.0,1,0,0,0,0,0,795,231,0,160,78,0,0,0,756
33327,97262.95238095238,61791.5,105488.64868337898,5970,518070,-0.6558921463249276,-663.8650593993755,0.0931472621902448,1.084560580781388,512100,1.797764802530922,3.125444076176921,0.5025793223256989,167.0,36.0,0.0248026328488428,1,14.0,33.70238095238095,27.0,1,184,34.63853474916572,64,119,0.3809523809523809,0.7083333333333334,8.56,6,571993,51424,14.0,144.0,13.25688378079643,10.847879714521158,1.0,0.0,0.0,0.0,0.0,0.0,0.0,0.0,1.0,0.0,0.0,1.0,0.0,0.0,0.0,0.0,0.0,0.0,0.0,3.0,0,0,1,0,0,0,686,219,0,123,70,0,0,0,649
172823,540.5416666666666,289.5,581.1625116355627,100,3532,-0.6050912691441621,-4.364139870824363,0.0676633076853304,1.0731630591100645,3432,2.095315602044969,5.541415915755543,0.362616959280029,119.0,12.0,0.0283125707814269,-1,10.0,481.56666666666666,500.0,230,500,49.31002827913292,0,0,0.0,0.0,8.55,8430,2797,153,0.0,0.0,7.936660155225426,5.0369526024136295,0.0,0.0,0.0,1.0,0.0,0.0,0.0,1.0,0.0,0.0,0.0,0.0,0.0,0.0,0.0,0.0,0.0,0.0,0.0,2.0,0,0,0,0,0,1,682,205,0,132,73,0,0,0,654
170427,3274.9043209876545,1878.0,3773.785899127091,148,23585,-0.6528989926324575,-13.170753353973168,0.1065543922238188,1.1519829425266397,23437,2.1771532994201013,5.561189819701975,0.5280189145538076,323.0,1.0,0.012815348738605,-1,27.0,334.429012345679,355.5,12,500,158.06374092536478,0,7,0.0,0.0216049382716049,8.55,879,25233,456,0.0,0.0,10.135947570487687,6.124683390894205,1.0,0.0,0.0,0.0,0.0,0.0,0.0,0.0,1.0,0.0,0.0,0.0,0.0,0.0,0.0,0.0,0.0,0.0,0.0,2.0,0,0,0,0,0,1,494,168,0,87,48,0,0,0,473
21498,4213.333333333333,2421.5,4149.3871167251245,236,17108,-0.5364793911952895,-38.24686475014469,0.0366964231102041,0.9845892074804536,16872,1.1954195448376064,0.5111171070854028,0.5413651011310734,71.0,24.0,0.0338584288052373,1,6.0,298.9166666666667,292.5,22,500,165.58891116255342,0,1,0.0,0.0138888888888888,8.55,1259,18448,541,6.0,27.0,9.822765447457764,6.295266001439646,0.0,0.0,0.0,0.0,0.0,1.0,0.0,0.0,1.0,0.0,0.0,1.0,1.0,0.0,0.0,0.0,0.0,1.0,1.0,6.0,1,0,0,0,0,0,1192,356,0,262,130,0,0,0,1115
39859,3501.5333333333333,1887.5,3768.7851953764734,254,15987,-0.3120915298105401,-40.69096971380938,0.03496181010423,1.076016938799481,15733,1.5913987358794217,2.163965293007588,0.3796048452563906,59.0,0.0,0.0371864640020016,1,5.0,331.35,336.5,49,500,164.28520170727492,0,1,0.0,0.0166666666666666,8.55,1567,15604,225,5.0,17.0,9.65534665470488,5.420534999272286,0.0,0.0,0.0,0.0,0.0,0.0,0.0,0.0,0.0,0.0,0.0,0.0,0.0,0.0,1.0,0.0,0.0,0.0,1.0,2.0,0,0,0,0,0,1,664,191,0,137,65,0,0,0,639
5744,6084.35,3627.5,7003.19628413817,392,37680,-0.3268582262350618,-47.26882467352042,0.0136633631264527,1.150828840434514,37288,2.316415227192236,6.149938886538493,0.340268953547562,59.0,48.0,0.0348925159235668,1,5.0,251.21666666666667,230.5,1,500,157.04607515701315,1,4,0.0166666666666666,0.0666666666666666,8.55,846,26197,847,5.0,55.0,10.173438350957596,6.742880635791903,0.0,0.0,0.0,0.0,0.0,1.0,0.0,0.0,0.0,0.0,0.0,0.0,0.0,0.0,0.0,0.0,1.0,0.0,0.0,2.0,0,0,1,0,0,0,550,189,0,98,52,0,0,0,529
81211,6674.083333333333,3855.5,7344.257564682008,426,28872,-0.439792945828786,-124.92411781050292,0.0867755519056801,1.1002495696206551,28446,1.6285767883043851,1.7421445366108443,0.5254251232046191,59.0,12.0,0.032739332224993,1,5.0,245.46666666666667,207.5,12,500,156.6883814738313,0,6,0.0,0.1,8.55,760,28675,963,5.0,25.0,10.263815814972762,6.871091294610546,0.0,0.0,0.0,0.0,0.0,1.0,0.0,0.0,1.0,0.0,0.0,0.0,0.0,1.0,1.0,0.0,0.0,0.0,0.0,4.0,0,0,0,0,0,1,761,230,0,150,73,0,0,0,733
1342,3160.8522727272725,1942.0,3528.374418198108,139,20353,-0.4758409135107566,-15.71113324941792,0.1151558674229574,1.1159200727473235,20214,2.1510252283345466,5.487287143180257,0.485430304147364,263.0,24.0,0.0218272490541934,-1,22.0,333.40909090909093,348.0,10,500,158.1093529589978,1,6,0.0037878787878787,0.0227272727272727,8.55,982,22665,500,22.0,0.0,10.028621283292894,6.2166061010848646,1.0,0.0,0.0,0.0,0.0,0.0,0.0,0.0,1.0,0.0,0.0,0.0,1.0,0.0,0.0,0.0,0.0,0.0,0.0,3.0,0,0,0,0,0,1,638,184,0,122,57,0,0,0,605
610,15885.01923076923,9680.0,15346.548094901256,781,64607,-0.5126885772154812,-96.9562659038106,0.0809432162881607,0.9660411379319568,63826,1.233157461029415,0.6489481668618207,0.4923627589016571,155.0,60.0,0.0402433172876004,-1,13.0,139.66666666666666,106.0,1,500,120.09693378381276,8,44,0.0512820512820512,0.282051282051282,8.55,181,96410,9218,0.0,0.0,11.476375581972643,9.129021850798594,0.0,0.0,0.0,0.0,1.0,1.0,0.0,0.0,0.0,0.0,0.0,0.0,0.0,1.0,0.0,0.0,0.0,0.0,0.0,3.0,0,1,0,0,0,0,634,184,0,126,75,0,0,0,603
214,2734.6319444444443,1586.0,3410.312318188858,144,26991,-0.5651707084319326,-12.853037628250728,0.0981797097669306,1.2466268808984202,26847,3.0523039380423462,13.13471173517272,0.4573839012760201,287.0,0.0,0.0146622948390204,1,24.0,351.74305555555554,382.0,1,500,152.81993973154312,2,4,0.0069444444444444,0.0138888888888888,8.55,1214,19120,864,24.0,112.0,9.85854248649296,6.762729506931879,1.0,0.0,1.0,0.0,0.0,1.0,0.0,0.0,0.0,0.0,0.0,0.0,0.0,0.0,1.0,0.0,0.0,0.0,0.0,4.0,1,0,0,0,0,0,755,226,0,145,86,0,0,0,708
3083,7355.416666666667,3731.5,8641.607175542573,501,44612,-0.5708872723162696,-44.98931757897275,0.0468330631201042,1.1747033327651697,44111,2.112027689947288,4.576194149773862,0.3719890580461066,143.0,49.0,0.0253687348695418,-1,12.0,236.25694444444449,205.0,1,500,155.2339966043994,5,11,0.0347222222222222,0.0763888888888889,8.55,508,40815,1845,0.0,0.0,10.616829440381592,7.520776415062797,0.0,0.0,0.0,0.0,1.0,1.0,0.0,0.0,0.0,0.0,0.0,0.0,0.0,0.0,1.0,0.0,0.0,1.0,0.0,4.0,0,0,0,0,0,1,822,228,0,184,83,0,0,0,782
8157,13255.6,7782.5,15211.292043303443,584,106327,-0.6777761392125056,-60.60888720985788,0.1190684909825141,1.1474504807645582,105743,2.420710958815808,8.225327647704622,0.5224878698576423,299.0,24.0,0.0148809803718716,1,25.0,162.98666666666668,127.5,1,500,136.3399910354829,25,58,0.0833333333333333,0.1933333333333333,8.55,176,97585,5822,25.0,154.0,11.488489319489355,8.66957087183712,0.0,0.0,0.0,0.0,1.0,0.0,0.0,0.0,0.0,0.0,0.0,0.0,0.0,1.0,0.0,0.0,0.0,1.0,0.0,3.0,0,1,0,0,0,0,718,211,0,140,71,0,0,0,685
105084,22570.992424242424,15054.5,22751.048702268054,1687,108839,-0.5331360208533712,-156.3118787600507,0.0685366411082053,1.0079326749123538,107152,1.676995971404149,2.5779631827693,0.5324452322811751,131.0,61.0,0.0314730932845763,-1,11.0,104.11363636363636,69.0,1,398,94.0650683664072,15,48,0.1136363636363636,0.3636363636363636,8.55,111,132510,12281,0.0,0.0,11.794420939830465,9.415890054889344,0.0,0.0,0.0,0.0,0.0,0.0,0.0,0.0,0.0,0.0,0.0,0.0,0.0,0.0,0.0,0.0,0.0,1.0,0.0,1.0,1,0,0,0,0,0,371,116,0,81,38,0,0,0,361
160303,1547.875,911.5,1641.931942022002,100,10042,-0.5118109487054459,-9.207706733616453,0.0739630111061745,1.060080343489308,9942,2.04661496382279,5.80889993245464,0.4558065868664986,167.0,0.0,0.0250697072296355,1,14.0,406.07738095238096,500.0,102,500,123.55093402278467,0,0,0.0,0.0,8.54,2781,9205,320,14.0,117.0,9.127610724377186,5.771441123130016,0.0,0.0,0.0,0.0,0.0,1.0,0.0,0.0,0.0,0.0,0.0,0.0,0.0,1.0,0.0,0.0,0.0,0.0,0.0,2.0,0,0,0,0,0,1,488,135,0,91,51,0,0,0,465
164926,3858.78125,2203.0,3953.415441117352,211,19604,-0.5119415545330325,-34.77729924036896,0.0594238642032011,1.0242589372434907,19393,1.7089457802157657,2.8921483191363957,0.4094788109604411,95.0,0.0,0.0262573964497041,1,8.0,299.4895833333333,298.0,9,500,162.03021804021532,1,4,0.0104166666666666,0.0416666666666666,8.54,1185,19485,987,0.0,172.0,9.877451537985287,6.895682697747868,0.0,0.0,0.0,0.0,1.0,0.0,0.0,0.0,0.0,0.0,0.0,0.0,0.0,1.0,0.0,0.0,0.0,1.0,0.0,3.0,0,0,0,0,0,1,689,196,0,136,62,0,0,0,662
11327,6083.075,3184.0,7222.389555706269,352,44134,-0.5242255392036914,-30.95837948575496,0.0881918225522375,1.1870973904342514,43782,2.246463624808651,5.605825482727017,0.4623505045346809,239.0,0.0,0.0246635247201703,1,20.0,258.9125,233.5,1,500,162.61994499573743,5,18,0.0208333333333333,0.075,8.54,514,40198,1406,20.0,175.0,10.601597398675818,7.249215057114389,0.0,0.0,0.0,0.0,0.0,0.0,0.0,0.0,0.0,0.0,0.0,0.0,0.0,0.0,0.0,0.0,1.0,0.0,0.0,1.0,0,0,1,0,0,0,448,125,0,99,40,0,0,0,436
101396,6769.803921568628,3811.0,7628.768699044036,387,54196,-0.5747235305217124,-37.91653038002418,0.0856676664664495,1.126715348341773,53809,2.5029619750994563,9.292759266895288,0.3999753908310719,203.0,48.0,0.0199092183925012,-1,17.0,242.4313725490196,222.5,1,500,157.59926904652335,5,19,0.0245098039215686,0.0931372549019607,8.54,466,43715,2436,0.0,0.0,10.685469446796564,7.798523053625206,0.0,0.0,0.0,1.0,0.0,0.0,0.0,0.0,0.0,0.0,0.0,0.0,0.0,0.0,0.0,0.0,0.0,0.0,0.0,1.0,0,0,0,0,0,1,418,124,0,88,53,0,0,0,409
85719,5344.808333333333,3192.5,5437.757798173547,318,24839,-0.5435660188625321,-41.57859226335161,0.0701537560721385,1.0172002920993015,24521,1.5861263430615324,2.2196713757420063,0.4662646787706305,119.0,49.0,0.0356495833165586,1,10.0,264.425,221.0,15,500,164.26653455588573,0,9,0.0,0.075,8.54,764,28548,616,10.0,80.0,10.25937718820102,6.424869023905388,0.0,0.0,1.0,0.0,0.0,0.0,0.0,0.0,0.0,0.0,0.0,0.0,0.0,0.0,0.0,0.0,0.0,0.0,0.0,1.0,0,0,1,0,0,0,353,94,0,65,38,0,0,0,343
117851,5872.633333333333,3749.5,5727.623422114582,403,30910,-0.4096247148156257,-95.58916365657127,0.08353510281633,0.9751414664599282,30507,1.8165772458395264,4.266455611436231,0.4408884645608104,59.0,12.0,0.0477191847298608,1,5.0,244.05,209.5,1,500,151.22978377290633,1,4,0.0166666666666666,0.0666666666666666,8.54,738,29206,1697,5.0,49.0,10.282163685554078,7.437206366871292,0.0,0.0,0.0,0.0,0.0,0.0,0.0,0.0,0.0,0.0,0.0,0.0,0.0,0.0,0.0,1.0,0.0,0.0,0.0,1.0,0,0,0,0,0,1,412,129,0,76,37,0,0,0,399
142310,2532.619047619048,1349.0,2825.2720893189758,171,15789,-0.6024855555394927,-19.424258836511253,0.1111706857630881,1.1151132179772671,15618,1.9996468579812685,4.649056455836988,0.5080894972732751,167.0,12.0,0.0221673316866172,-1,14.0,357.125,412.0,40,500,152.9934712075743,0,2,0.0,0.0119047619047619,8.54,1745,14164,495,0.0,0.0,9.558529412264615,6.206575926724928,0.0,0.0,0.0,0.0,0.0,1.0,0.0,0.0,0.0,1.0,0.0,0.0,0.0,0.0,0.0,0.0,0.0,0.0,0.0,2.0,0,0,0,0,0,1,553,146,0,122,61,0,0,0,533
102,22397.22463768116,13389.5,27063.775810009687,995,215435,-0.6660550795332998,-103.16367688817223,0.0922376155842419,1.2083000437668412,214440,2.833605555302185,11.89898504874484,0.4725955126997595,275.0,0.0,0.0112296052173509,1,23.0,112.93478260869566,70.0,1,500,107.29606247227431,34,97,0.1231884057971014,0.3514492753623188,8.53,91,152427,14920,23.0,136.0,11.93444763239306,9.610524895640422,0.0,0.0,1.0,0.0,0.0,1.0,0.0,0.0,0.0,0.0,0.0,0.0,0.0,1.0,0.0,0.0,0.0,1.0,0.0,4.0,0,1,0,0,0,0,765,229,0,164,67,0,0,0,733
22,13692.59226190476,7023.0,16030.611548239054,611,106632,-0.6540348945687758,-59.4105143527804,0.129217074885651,1.1706651725592725,106021,2.3107477110930112,6.98335603418257,0.5123052146245107,335.0,38.0,0.0151666479105709,1,28.0,165.1904761904762,126.0,1,500,138.7318607783062,31,78,0.0922619047619047,0.2321428571428571,8.53,158,104604,7232,28.0,259.0,11.55794663061775,8.886409166849282,1.0,0.0,0.0,0.0,0.0,1.0,0.0,0.0,0.0,0.0,0.0,0.0,0.0,0.0,0.0,0.0,0.0,0.0,0.0,2.0,1,0,0,0,0,0,465,136,0,97,53,0,0,0,453
180207,644.8148148148148,408.5,641.9184952899676,100,3243,-0.4402082669216873,-6.656244343460326,0.1045027607356801,0.9939668161282976,3143,1.805276143634141,3.4172071273433726,0.5779452234204554,107.0,0.0,0.0311440024668516,-1,9.0,475.3703703703704,500.0,211,500,61.654892658666704,0,0,0.0,0.0,8.52,6692,3687,112,0.0,0.0,8.212839584676484,4.727387818712341,0.0,0.0,0.0,0.0,0.0,1.0,0.0,0.0,0.0,0.0,0.0,0.0,0.0,0.0,0.0,0.0,0.0,0.0,0.0,1.0,0,0,0,0,0,1,297,93,0,48,31,0,0,0,292
159387,820.0178571428571,498.0,867.5455214707639,100,5498,-0.5887255340066136,-5.158142295291076,0.0831426806382302,1.0566707093190677,5398,1.982302986579006,5.171371943613158,0.4687530921094993,167.0,12.0,0.0258275736631502,-1,14.0,461.6369047619048,500.0,145,500,77.60526074423953,0,0,0.0,0.0,8.52,5088,5006,97,0.0,0.0,8.518592212329946,4.584967478670572,0.0,0.0,0.0,0.0,0.0,0.0,0.0,0.0,1.0,0.0,0.0,0.0,0.0,0.0,0.0,1.0,0.0,0.0,0.0,2.0,0,0,0,0,0,1,543,170,0,103,61,0,0,0,525
3649,6692.479166666667,3841.5,6724.999615828933,541,25740,-0.4052957864116816,-100.61468736430744,0.0429586800080374,1.0047091278507652,25199,1.316887036459764,0.8301323521211779,0.5636887565275783,47.0,36.0,0.038587801087801,1,4.0,241.25,212.5,22,500,164.4182294232202,0,5,0.0,0.1041666666666666,8.52,702,30498,992,4.0,18.0,10.325449175172755,6.900730664045173,1.0,0.0,0.0,0.0,0.0,0.0,0.0,0.0,1.0,0.0,0.0,0.0,0.0,0.0,0.0,0.0,0.0,0.0,0.0,2.0,0,0,0,0,0,1,442,133,0,88,36,0,0,0,425
147448,1967.4444444444443,1403.5,2110.993277413254,134,11580,-0.5886811327694005,-15.134728057389468,0.04995794584056,1.0724169957506935,11446,2.029572833708631,4.760585100795554,0.3811931527418213,107.0,48.0,0.0234671848013816,-1,9.0,383.1666666666667,445.5,55,500,132.00768075296898,0,0,0.0,0.0,8.51,2499,10093,557,0.0,0.0,9.219696466900208,6.324358962381311,0.0,0.0,0.0,0.0,0.0,0.0,0.0,0.0,0.0,0.0,0.0,0.0,0.0,1.0,0.0,0.0,0.0,0.0,0.0,1.0,0,0,0,0,0,1,384,120,0,72,43,0,0,0,367
147171,7305.131578947368,4085.0,9013.764283187264,216,84590,-0.6482738340723461,-42.50031133660093,0.096305684632331,1.233725971916581,84374,3.714859000381598,23.627642573931308,0.3681113862296759,227.0,48.0,0.0108434803168223,-1,19.0,231.8815789473684,182.5,1,500,160.63412992185857,7,29,0.0307017543859649,0.1271929824561403,8.51,443,45380,1843,0.0,0.0,10.722848794230307,7.519692404116539,1.0,0.0,0.0,0.0,0.0,0.0,0.0,0.0,0.0,0.0,0.0,0.0,0.0,0.0,0.0,0.0,0.0,0.0,0.0,1.0,0,0,0,0,0,1,352,111,0,72,24,0,0,0,343
21499,3386.5416666666665,2096.5,3357.30915291754,227,16086,-0.326274484840769,-42.113528201170496,0.0679611233261465,0.9910753824678782,15859,1.5253417792359778,2.221226503738404,0.4376226430565922,71.0,24.0,0.0340513489991296,1,6.0,318.2083333333333,329.5,29,500,155.8948129616035,0,1,0.0,0.0138888888888888,8.51,1478,16238,291,6.0,26.0,9.695171035465089,5.676753802268282,0.0,0.0,0.0,0.0,0.0,1.0,0.0,0.0,0.0,0.0,0.0,1.0,1.0,0.0,0.0,0.0,0.0,1.0,0.0,4.0,1,0,0,0,0,0,866,255,0,155,95,0,0,0,823
104538,12334.0,7783.0,12003.375782115074,980,44107,-0.4955728137493681,-641.1991304347827,0.1367305759167681,0.9731151829846026,43127,1.1914794409877676,0.3396666478935217,0.5552102296471557,23.0,12.0,0.0425272632461967,1,2.0,163.20833333333334,108.5,1,500,135.6321554692036,1,4,0.0416666666666666,0.1666666666666666,8.51,369,52460,2049,2.0,10.0,10.867825315381769,7.625595072132453,0.0,0.0,0.0,0.0,0.0,1.0,0.0,0.0,0.0,0.0,0.0,0.0,0.0,1.0,0.0,0.0,0.0,0.0,0.0,2.0,0,0,0,0,0,1,509,141,0,90,63,0,0,0,491
115506,2314.6944444444443,1295.0,2230.232509296888,148,8422,-0.4911997244981418,-89.2325611325611,0.1727567218877017,0.9630944681183704,8274,0.9957257039739922,-0.0619136564472877,0.7221379762242524,35.0,0.0,0.0301591071004512,1,3.0,363.69444444444446,443.0,96,500,149.18125058026348,0,0,0.0,0.0,8.51,2616,9675,279,3.0,9.0,9.177403871729918,5.634789603169249,0.0,0.0,0.0,0.0,0.0,1.0,0.0,0.0,0.0,1.0,0.0,0.0,0.0,0.0,0.0,0.0,0.0,0.0,0.0,2.0,0,0,0,0,0,1,584,166,0,115,60,0,0,0,562
28393,6207.12962962963,3671.5,6704.31840943194,412,36289,-0.5177848625281917,-58.54252288814583,0.0741075804438759,1.0799256474017784,35877,1.9561989593880176,4.376230966137777,0.5066782018024769,107.0,0.0,0.027901016837058,1,9.0,251.94444444444449,216.0,1,500,157.80724490089128,1,9,0.0092592592592592,0.0833333333333333,8.5,618,34007,1051,9.0,45.0,10.434351070038629,6.958448393297656,0.0,0.0,1.0,0.0,0.0,1.0,0.0,0.0,0.0,0.0,0.0,0.0,0.0,1.0,0.0,0.0,0.0,0.0,0.0,3.0,0,0,0,1,0,0,613,175,0,111,65,0,0,0,575
30,21285.828703703704,13237.0,23934.45743149617,1110,139403,-0.6068049981990968,-106.94968563569462,0.077629859215588,1.1243787303710393,138293,2.096098090040643,5.00655137227394,0.3954581339358374,215.0,24.0,0.0177793878180526,1,18.0,118.80555555555556,82.0,1,446,106.58659827623156,26,73,0.1203703703703703,0.3379629629629629,8.5,106,137366,8365,18.0,87.0,11.830411455251342,9.031931152002144,0.0,0.0,0.0,0.0,1.0,1.0,0.0,0.0,0.0,0.0,0.0,0.0,0.0,1.0,0.0,0.0,0.0,0.0,0.0,3.0,0,1,0,0,0,0,581,180,0,116,60,0,0,0,554
18200,4828.708333333333,2947.5,4786.760260335852,541,16079,-0.5563323144055181,-292.5778260869565,0.1790136147961526,0.9911075224354512,15538,1.258493315729784,0.476406621987441,0.5986606842802688,23.0,13.0,0.047157783444244,1,2.0,285.9583333333333,269.5,56,500,162.20832263036183,0,0,0.0,0.0,8.49,1009,22176,378,2.0,16.0,10.00681099476803,5.937536205082426,0.0,0.0,0.0,1.0,0.0,1.0,0.0,0.0,0.0,0.0,0.0,0.0,0.0,0.0,0.0,0.0,0.0,0.0,0.0,2.0,0,0,0,0,0,1,511,139,0,108,59,0,0,0,491
133641,6728.72,3894.0,7745.291970928747,270,47650,-0.688254795465732,-30.6954801720019,0.1177957748288798,1.15090850301777,47380,2.031818968671847,4.51130171592655,0.5988048962113741,299.0,0.0,0.0165162644281217,-1,25.0,251.34,206.0,1,500,164.25676363547407,6,22,0.02,0.0733333333333333,8.49,393,50494,2206,0.0,0.0,10.829629600460658,7.699389406256737,0.0,0.0,0.0,0.0,0.0,1.0,0.0,0.0,1.0,0.0,0.0,0.0,0.0,1.0,0.0,0.0,0.0,0.0,0.0,3.0,0,0,0,0,0,1,637,185,0,126,53,0,0,0,614
11734,33307.5,17198.5,33350.47190945479,3233,107173,-0.8012331452687029,-8334.685314685315,0.7442678147482573,1.001260096055205,103940,1.2034241173761873,0.0412333967234217,0.8513230849977225,11.0,0.0,0.0706031369841284,1,1.0,68.83333333333333,57.0,1,193,56.597752212924114,2,6,0.1666666666666666,0.5,8.49,122,124054,4847,1.0,8.0,11.728480294635762,8.48632152774915,0.0,0.0,0.0,0.0,0.0,1.0,0.0,0.0,0.0,0.0,0.0,0.0,0.0,1.0,0.0,0.0,0.0,0.0,0.0,2.0,0,0,1,0,0,0,479,130,0,95,50,0,0,0,461
25515,23577.882716049386,13184.0,30630.21618120303,985,307818,-0.6473018831459366,-102.60027731470454,0.0981525489865836,1.2990529089130265,306833,3.8938880538657945,25.08356504759396,0.3831090938026534,323.0,48.0,0.0078455450948287,1,27.0,107.92592592592592,74.5,1,500,103.4421503239798,48,117,0.1481481481481481,0.3611111111111111,8.49,70,177044,9460,27.0,110.0,12.08415921653128,9.154933364704444,1.0,1.0,1.0,0.0,0.0,0.0,0.0,0.0,0.0,0.0,0.0,0.0,1.0,0.0,0.0,0.0,0.0,1.0,0.0,5.0,0,0,1,0,0,0,924,267,0,193,93,0,0,0,879
6812,2695.6644736842104,1453.5,3459.41048359414,117,27904,-0.6945227998928625,-9.340360474490383,0.1263192187561354,1.2828479469186087,27787,3.009197279158467,12.580941248906242,0.4611777136900525,455.0,60.0,0.011306622706422,1,38.0,358.32675438596493,402.0,1,500,150.99107032964085,1,6,0.0021929824561403,0.0131578947368421,8.49,936,23909,991,38.0,366.0,10.082052060452371,6.899723107284872,1.0,0.0,0.0,0.0,1.0,0.0,0.0,0.0,0.0,0.0,0.0,0.0,0.0,0.0,0.0,0.0,0.0,0.0,0.0,2.0,1,0,0,0,0,0,503,145,0,112,41,0,0,0,477
38071,10498.194444444443,6094.0,9823.791566394775,685,40542,-0.4813096760504419,-108.2474757219114,0.0524417576612119,0.9356709810811198,39857,1.0633939986158545,0.1377360962550207,0.5288064777685297,71.0,50.0,0.0361785309062207,1,6.0,179.95833333333334,153.0,1,500,148.10060746180466,4,18,0.0555555555555555,0.25,8.49,389,50621,2435,6.0,45.0,10.832141543393682,7.798112628829788,1.0,1.0,0.0,0.0,1.0,1.0,0.0,0.0,0.0,0.0,0.0,0.0,0.0,1.0,0.0,0.0,0.0,1.0,0.0,6.0,0,0,1,0,0,0,1052,335,0,188,108,0,0,0,996
79085,13267.49074074074,8358.5,12824.574585028204,1050,62055,-0.5719221395596824,-102.38795526213,0.0619499320369346,0.9665435832615462,61005,1.2991533267871584,1.2062168817835488,0.5265396164622955,107.0,12.0,0.0245749738135524,1,9.0,154.71296296296296,98.5,1,500,136.89500240627282,11,27,0.1018518518518518,0.25,8.49,256,71790,4654,9.0,58.0,11.18151439899016,8.445697189711167,0.0,0.0,0.0,1.0,0.0,1.0,0.0,0.0,0.0,0.0,0.0,0.0,0.0,0.0,0.0,0.0,0.0,0.0,0.0,2.0,0,0,0,0,0,1,550,158,0,94,74,0,0,0,532
113010,6471.5,3584.0,7343.907402697419,316,45233,-0.6752019823285841,-31.280690541254422,0.1053704064714951,1.1346322754264069,44917,2.0053894732544806,4.484563725602084,0.4742734915130651,263.0,48.0,0.0178299029469635,1,22.0,250.02272727272728,211.5,4,500,161.87731352782646,1,20,0.0037878787878787,0.0757575757575757,8.49,440,45668,1909,22.0,193.0,10.729175009727363,7.554858521040676,1.0,0.0,0.0,0.0,1.0,1.0,0.0,0.0,0.0,0.0,0.0,0.0,1.0,1.0,0.0,0.0,0.0,1.0,0.0,6.0,1,0,0,0,0,0,1000,320,0,170,91,0,0,0,953
1469,1389.5204081632653,696.0,1752.193573099364,100,11152,-0.6394498339230492,-4.019218061404227,0.1515971799731277,1.2600991418844631,11052,2.529837300422136,7.647497012119993,0.5091826165786596,587.0,72.0,0.0121278694404591,-1,49.0,423.91326530612247,500.0,53,500,117.74826555715684,0,0,0.0,0.0,8.49,1804,13832,416,49.0,0.0,9.534812320874815,6.0330862217988015,0.0,0.0,0.0,0.0,0.0,1.0,0.0,0.0,0.0,0.0,0.0,0.0,0.0,1.0,0.0,0.0,0.0,0.0,0.0,2.0,0,1,0,0,0,0,474,129,0,101,51,0,0,0,457
141120,10241.596153846154,6113.0,10876.112384474924,681,61861,-0.5793589864947097,-79.99447614230846,0.1097040671383175,1.0618511382381195,61180,1.9479299488341069,4.8390698872648725,0.5268448438535063,155.0,24.0,0.0220575160440342,1,13.0,192.03205128205127,155.0,1,500,148.31659743696733,7,30,0.0448717948717948,0.1923076923076923,8.49,321,60327,2344,13.0,123.0,11.007551619882484,7.76004068088038,0.0,0.0,0.0,0.0,0.0,1.0,0.0,0.0,0.0,0.0,0.0,0.0,0.0,0.0,0.0,0.0,1.0,0.0,0.0,2.0,0,0,0,0,0,1,518,152,0,97,58,0,0,0,501
123649,3619.057971014493,1787.0,4261.386307002561,209,28807,-0.6737122449724147,-18.74971418786832,0.1228906124505973,1.177159686702017,28598,2.270172721383052,6.427094766943293,0.5255405297375128,275.0,25.0,0.0158381643350574,-1,23.0,324.8260869565217,340.0,1,500,160.23331779335064,1,9,0.0036231884057971,0.0326086956521739,8.49,864,25454,1442,0.0,0.0,10.144667466336436,7.274479558773871,0.0,0.0,0.0,0.0,1.0,0.0,0.0,0.0,0.0,0.0,0.0,0.0,0.0,1.0,0.0,0.0,0.0,0.0,0.0,2.0,0,0,0,0,0,1,496,144,0,80,55,0,0,0,477
124374,1170.0,631.5,1254.7217885518155,100,4804,-0.539004885334661,-19.0306751875521,0.0689944433253673,1.0714959765600474,4704,1.5580559558525882,1.485361655162844,0.4620391881534309,59.0,36.0,0.051883846794338,-1,5.0,434.6166666666667,500.0,144,500,106.78500076737784,0,0,0.0,0.0,8.49,5007,5108,164,0.0,0.0,8.538758969330798,5.10594547390058,1.0,0.0,0.0,0.0,1.0,0.0,0.0,0.0,1.0,0.0,0.0,0.0,0.0,0.0,1.0,0.0,0.0,1.0,0.0,5.0,0,0,0,0,0,1,930,283,0,174,109,0,0,0,886
167788,346.6666666666667,188.5,340.24156723433146,100,1895,-0.6280617794213618,-1.41564200573953,0.0673052728131073,0.9786430505301958,1795,1.805433906721834,3.496471869533316,0.4230789701347605,215.0,72.0,0.0534300791556728,-1,18.0,496.2962962962963,500.0,314,500,21.07713315036308,0,0,0.0,0.0,8.48,10204,2212,92,0.0,0.0,7.70210434005105,4.532599493153256,0.0,0.0,0.0,1.0,0.0,0.0,0.0,0.0,0.0,0.0,0.0,0.0,0.0,0.0,1.0,0.0,0.0,0.0,0.0,2.0,0,0,0,0,0,1,604,192,0,107,57,0,0,0,578
162964,5837.520833333333,3230.5,6273.183980210207,305,29425,-0.5242889734215013,-38.81363033518205,0.0661477802184347,1.0744474772437722,29120,1.6673790994626223,2.33899758573686,0.4950086989447915,143.0,49.0,0.0269753610875106,-1,12.0,259.875,221.0,1,500,164.7900969162488,2,11,0.0138888888888888,0.0763888888888889,8.48,678,31426,1156,0.0,0.0,10.355422675029144,7.053585727193677,0.0,0.0,0.0,0.0,1.0,0.0,0.0,0.0,0.0,0.0,0.0,0.0,0.0,1.0,0.0,0.0,0.0,0.0,0.0,2.0,1,0,0,0,0,0,500,151,0,107,42,0,0,0,479
115922,3876.1366666666663,2160.0,4216.229873317578,193,25606,-0.5621694807541556,-15.68678607540084,0.1038187567462172,1.0874596992069518,25413,1.8094906554253172,3.5220281361803494,0.5400307761258453,299.0,49.0,0.0214891041162227,-1,25.0,311.12,320.5,1,500,163.9660704739449,3,9,0.01,0.03,8.48,757,28721,1508,0.0,0.0,10.265418658620565,7.319202458767849,1.0,0.0,0.0,0.0,1.0,0.0,0.0,0.0,1.0,0.0,0.0,0.0,0.0,0.0,0.0,0.0,0.0,0.0,0.0,3.0,0,0,0,0,0,1,590,173,0,110,54,0,0,0,566
110771,4122.219696969697,2238.0,4555.201282540708,217,24355,-0.5350194909338618,-17.138557611410757,0.0822155127412903,1.1047680253100485,24138,1.871994942639636,3.527378592952997,0.4760995580032346,263.0,0.0,0.0256723465407513,-1,22.0,303.9962121212121,303.5,11,500,160.9022265253141,0,7,0.0,0.0265151515151515,8.48,741,29085,697,0.0,0.0,10.278012237737656,6.548219102762372,0.0,0.0,0.0,0.0,0.0,0.0,0.0,0.0,1.0,0.0,0.0,0.0,0.0,0.0,0.0,0.0,0.0,0.0,0.0,1.0,0,0,1,0,0,0,372,118,0,76,34,0,0,0,358
44307,6756.316666666667,4453.0,6988.485972158459,457,30308,-0.4001000132614269,-70.54567935537649,0.0305615407492232,1.0342102223256953,29851,1.7013781404108594,2.334667904373201,0.514573155757536,59.0,49.0,0.0798551537547842,1,5.0,231.03333333333333,191.0,1,500,156.4859915633203,1,7,0.0166666666666666,0.1166666666666666,8.48,695,30780,1145,5.0,34.0,10.334652895494106,7.044032897274685,0.0,0.0,1.0,0.0,0.0,0.0,0.0,0.0,0.0,0.0,0.0,0.0,0.0,0.0,0.0,1.0,0.0,0.0,0.0,2.0,0,0,0,1,0,0,564,178,0,118,57,0,0,0,541
88639,9481.277777777776,4733.5,9263.089134394011,554,34205,-0.506804143275085,-99.16872467682808,0.049503708304255,0.976884389118251,33651,1.0467926505729863,-0.1394886582496624,0.551844172097187,71.0,60.0,0.0375383715831018,1,6.0,206.06944444444449,156.0,1,500,158.9282967592696,3,11,0.0416666666666666,0.1527777777777778,8.48,490,41915,1198,6.0,26.0,10.643422894594831,7.089243155027514,0.0,0.0,0.0,0.0,0.0,0.0,0.0,0.0,0.0,0.0,0.0,0.0,0.0,1.0,0.0,0.0,0.0,1.0,0.0,2.0,0,1,0,0,0,0,548,166,0,105,46,0,0,0,529
136103,1815.5,1141.0,1843.6837897716264,189,5838,-0.8171850289931472,-448.64335664335664,0.7056419629510821,1.0149649269318064,5649,1.3716816968025114,0.4247843752672704,0.8203411978701999,11.0,0.0,0.0652192531688934,1,1.0,403.8333333333333,487.0,143,500,129.19741569482812,0,0,0.0,0.0,8.48,3392,7625,317,1.0,7.0,8.939318740417509,5.762051382780177,0.0,0.0,0.0,1.0,0.0,1.0,0.0,0.0,0.0,0.0,0.0,0.0,0.0,0.0,0.0,0.0,0.0,0.0,0.0,2.0,0,0,0,0,0,1,513,153,0,108,45,0,0,0,491
1183,4022.049019607843,2110.0,4781.638769410179,209,36107,-0.6305108406620772,-20.566416238488667,0.0641552744240769,1.1885609014717602,35898,2.7449674183911097,11.479838572409312,0.4140458411621951,203.0,12.0,0.0154540670784058,1,17.0,308.6421568627451,314.5,21,500,163.89611244254488,0,8,0.0,0.0392156862745098,8.48,901,24683,903,17.0,170.0,10.113910539440958,6.806829360392176,0.0,0.0,1.0,0.0,1.0,1.0,0.0,0.0,0.0,0.0,0.0,0.0,0.0,1.0,0.0,0.0,1.0,0.0,0.0,5.0,1,0,0,0,0,0,959,294,0,191,107,0,0,0,905
121504,11052.966666666667,6515.5,11679.361231058638,721,60932,-0.477336393425015,-85.88180429196474,0.0648806547109038,1.0565764836506928,60211,1.838092104902656,3.603509415600241,0.481361078333672,119.0,49.0,0.0239775487428608,-1,10.0,179.81666666666666,145.5,1,500,140.0018442338846,5,23,0.0416666666666666,0.1916666666666666,8.48,293,64399,2640,0.0,0.0,11.072868912092446,7.878912912297133,0.0,0.0,0.0,0.0,0.0,0.0,0.0,0.0,0.0,0.0,0.0,0.0,0.0,1.0,0.0,0.0,0.0,0.0,0.0,1.0,0,1,0,0,0,0,384,112,0,72,36,0,0,0,372
146878,6305.662280701755,3632.5,6941.231617228735,407,38198,-0.6972907635467112,-31.723253148549567,0.0904820547844921,1.1006188865493476,37791,1.8671636794729376,3.699938753317367,0.4685197317815114,227.0,12.0,0.015485103932143,-1,19.0,253.9780701754386,202.0,1,500,166.21787237848451,4,18,0.0175438596491228,0.0789473684210526,8.47,496,41693,1111,0.0,0.0,10.638112512542383,7.013915474810528,1.0,1.0,0.0,0.0,0.0,0.0,0.0,0.0,1.0,0.0,0.0,0.0,0.0,0.0,0.0,0.0,0.0,0.0,0.0,3.0,0,0,0,0,0,1,652,206,0,109,71,0,0,0,625
143325,2000.4783950617284,1108.0,2293.5540381853743,100,14425,-0.6555473061289427,-8.317458830585768,0.1150450674720685,1.1459299505027325,14325,2.218917622502985,6.0772444605550096,0.4689494940413122,323.0,36.0,0.0138301559792027,1,27.0,386.2253086419753,478.0,37,500,138.69553822108196,0,2,0.0,0.0061728395061728,8.47,1614,15175,992,0.0,131.0,9.62747051161485,6.900730664045173,0.0,0.0,0.0,1.0,0.0,0.0,0.0,0.0,0.0,0.0,0.0,0.0,0.0,0.0,0.0,0.0,0.0,0.0,0.0,1.0,0,0,0,0,0,1,413,116,0,78,48,0,0,0,400
112370,1769.0833333333333,879.5,2063.4481160598493,100,13214,-0.6194292215372946,-12.588040334434416,0.0754708514209759,1.1657350121330536,13114,2.180036239211114,6.05991519837618,0.4442494533377158,155.0,36.0,0.0198463750567579,1,13.0,398.1602564102564,500.0,23,500,134.13457157736013,0,1,0.0,0.0064102564102564,8.47,2530,9991,434,13.0,163.0,9.209540051805414,6.075346031088684,0.0,0.0,0.0,0.0,1.0,0.0,0.0,0.0,0.0,0.0,0.0,0.0,0.0,1.0,0.0,1.0,0.0,0.0,0.0,3.0,0,0,0,0,0,1,743,217,0,152,81,0,0,0,711
14720,3018.464285714286,1737.0,3179.0366419635225,156,16292,-0.6373663471764277,-14.573038919046194,0.1112044531363924,1.0528479031873987,16136,1.684312292686043,2.616226254772993,0.5428900746928876,251.0,1.0,0.0201325804075619,-1,21.0,335.47222222222223,371.5,25,500,155.07751269181736,0,6,0.0,0.0238095238095238,8.47,1020,21904,1056,0.0,0.0,9.994470200248,6.963189985870238,0.0,0.0,0.0,1.0,1.0,0.0,0.0,1.0,0.0,0.0,0.0,0.0,0.0,0.0,0.0,0.0,0.0,0.0,0.0,3.0,0,0,0,0,0,1,763,209,0,164,86,0,0,0,730
36413,9525.561403508773,5813.5,11154.168967318576,595,67046,-0.6371308107733624,-53.3547718535513,0.0991179222852173,1.1708494277074974,66451,2.348863915566723,6.812262276115567,0.4504321052219663,227.0,120.0,0.0169547773170658,1,19.0,207.31140350877192,152.5,1,500,156.6234294155565,5,38,0.0219298245614035,0.1666666666666666,8.47,314,61133,2239,19.0,117.0,11.02082345520234,7.714231144849085,0.0,0.0,0.0,0.0,1.0,0.0,0.0,0.0,0.0,0.0,0.0,0.0,0.0,0.0,0.0,0.0,0.0,1.0,0.0,2.0,0,0,1,0,0,0,523,163,0,103,57,0,0,0,506
4658,4261.194444444444,2221.0,4823.426665299752,396,24059,-0.5013913490557068,-43.97977361888224,0.0359082782612221,1.1316768223905986,23663,2.022752797091541,4.046649632089595,0.5050358952443517,71.0,48.0,0.0357662413234132,1,6.0,298.8611111111111,298.0,26,500,158.4976608270744,0,3,0.0,0.0416666666666666,8.47,1212,19136,478,6.0,35.0,9.859378912910064,6.171700597410915,1.0,1.0,0.0,0.0,0.0,1.0,0.0,0.0,1.0,0.0,0.0,0.0,0.0,0.0,0.0,0.0,0.0,0.0,0.0,4.0,0,0,0,0,0,1,707,211,0,147,67,0,0,0,661
46282,11099.130952380952,5652.0,11017.274327791056,697,51025,-0.5992736589430743,-106.85654550977016,0.0553056760391834,0.9925355272883404,50328,1.4105484228994876,1.7902209832263545,0.4801946510583744,83.0,36.0,0.0337236648701616,1,7.0,173.9047619047619,153.0,1,500,148.216831112203,8,25,0.0952380952380952,0.2976190476190476,8.47,372,52306,2998,0.0,21.0,10.864885484309047,8.00603417874901,0.0,0.0,0.0,0.0,1.0,1.0,0.0,0.0,0.0,0.0,0.0,0.0,0.0,1.0,0.0,1.0,0.0,0.0,0.0,4.0,0,0,0,0,0,1,789,230,0,162,75,0,0,0,742
3299,7269.848958333333,4285.5,7682.678849549252,327,38751,-0.5628625633862334,-39.75776947752489,0.082267461052068,1.0566412386745991,38424,1.7211872916181752,2.7452973270640992,0.4446673118531575,191.0,12.0,0.022663931253387,1,16.0,224.765625,178.5,1,500,160.84364906131475,6,21,0.03125,0.109375,8.47,430,46483,2213,16.0,108.0,10.746863446342765,7.7025561132685825,0.0,1.0,0.0,0.0,0.0,1.0,0.0,0.0,1.0,0.0,0.0,0.0,0.0,1.0,0.0,0.0,0.0,1.0,0.0,5.0,0,0,1,0,0,0,904,260,0,186,86,0,0,0,858
77597,1919.9563492063487,1031.5,2145.2962023258365,100,14382,-0.6153995716625373,-9.281768840317254,0.0990603744243715,1.116785502810709,14282,2.1167672927409766,5.986374412620744,0.4615853061274781,251.0,12.0,0.0152968989014045,-1,21.0,388.8611111111111,478.5,98,500,134.5227327648062,0,0,0.0,0.0,8.47,1903,13266,676,0.0,0.0,9.493035027916918,6.517671272912275,0.0,0.0,0.0,0.0,0.0,0.0,0.0,0.0,0.0,1.0,0.0,0.0,0.0,0.0,0.0,1.0,0.0,0.0,0.0,2.0,0,0,0,0,0,1,687,214,0,145,71,0,0,0,661
87397,4291.602564102564,2172.5,4739.398680725775,252,22637,-0.6609830092450371,-26.516457776864595,0.0634796661305622,1.1040851348223104,22385,1.7978270208017826,3.0198459004186784,0.4597901964586584,155.0,49.0,0.0257101205990193,-1,13.0,300.1794871794872,308.5,17,500,163.83303286012645,0,4,0.0,0.0256410256410256,8.47,913,24424,761,0.0,0.0,10.103362476910984,6.635946555686647,0.0,0.0,0.0,0.0,1.0,0.0,0.0,0.0,0.0,0.0,0.0,0.0,0.0,0.0,0.0,0.0,0.0,1.0,0.0,2.0,0,0,1,0,0,0,521,156,0,113,42,0,0,0,494
87610,6399.264492753623,3498.0,8355.890726874297,379,79647,-0.656949181314084,-29.89613190451049,0.0812597936232907,1.3055539714545912,79268,3.868905224084096,23.88949255966816,0.3285556757302375,275.0,48.0,0.0091089432119226,1,23.0,258.4347826086956,227.5,1,500,166.3849847131532,4,20,0.0144927536231884,0.072463768115942,8.47,449,45189,2316,23.0,184.0,10.718631102405324,7.748028524432376,0.0,0.0,0.0,0.0,0.0,0.0,0.0,0.0,1.0,0.0,0.0,0.0,0.0,0.0,0.0,0.0,0.0,0.0,0.0,1.0,0,0,0,0,0,1,372,104,0,78,46,0,0,0,364
92299,3560.2380952380954,2044.0,3590.0858048475384,207,17869,-0.5556793179317931,-23.531058761597684,0.1010404354727078,1.0081004720375244,17662,1.488267913736361,1.9290676640856776,0.4749955524628518,167.0,12.0,0.0305417202977223,1,14.0,315.2678571428572,330.0,4,500,164.44167706914484,1,4,0.0059523809523809,0.0238095238095238,8.47,1106,20564,137,0.0,1.0,9.931345880664525,4.927253685157205,,,,,,,,,,,,,,,,,,,,,0,0,1,0,0,0,208,63,0,46,23,0,0,0,208
56529,18723.14583333333,10799.5,19590.536236339824,1107,96800,-0.6193382203170665,-124.20091029659994,0.0694511919893525,1.0462712911295593,95693,1.7620278281124786,3.0788172900755315,0.3996470432477497,143.0,0.0,0.0249586776859504,-1,12.0,121.875,93.0,1,444,107.86655046089744,21,40,0.1458333333333333,0.2777777777777778,8.47,156,104603,6597,0.0,0.0,11.557937070799577,8.794521851788527,1.0,0.0,0.0,0.0,0.0,0.0,0.0,0.0,0.0,0.0,0.0,0.0,1.0,0.0,0.0,0.0,0.0,1.0,0.0,3.0,0,0,1,0,0,0,695,212,0,142,60,0,0,0,661
7482,6266.450757575758,3533.0,7424.523854072825,212,53665,-0.5845415578487442,-31.244491583457787,0.1028561079755766,1.1846162245628271,53453,2.6418413682138566,9.901322498217208,0.4641305523639862,263.0,36.0,0.0139476381254076,1,22.0,252.41666666666663,233.0,5,500,160.81622023887763,3,28,0.0113636363636363,0.106060606060606,8.47,476,43176,1033,22.0,235.0,10.673063225045643,6.941190055068375,0.0,0.0,1.0,0.0,0.0,1.0,0.0,0.0,0.0,0.0,0.0,0.0,0.0,0.0,0.0,0.0,0.0,0.0,0.0,2.0,0,0,1,0,0,0,468,141,0,87,43,0,0,0,458
119072,4317.013888888889,2348.0,5007.002522836991,210,27473,-0.691243626402516,-16.76440263170755,0.1210712285930815,1.1595614677666988,27263,2.0197271580932985,4.213181617046723,0.4524208597206419,359.0,24.0,0.0177628944782149,1,30.0,302.3861111111111,306.0,1,500,163.13381802948322,3,18,0.0083333333333333,0.05,8.47,625,33639,1513,0.0,156.0,10.423471114086883,7.322510433997394,0.0,0.0,0.0,1.0,0.0,1.0,0.0,0.0,0.0,0.0,0.0,0.0,0.0,0.0,0.0,1.0,0.0,0.0,0.0,3.0,0,0,0,0,0,1,737,235,0,143,67,0,0,0,701
138406,2658.333333333333,1533.0,2535.0966889296787,307,8811,-0.7507358636715725,-660.1678321678322,0.8081173906237783,0.9532827860101574,8504,1.1432872777955043,0.2664452152128231,0.9287436071659227,11.0,0.0,0.0596129837702871,1,1.0,358.4166666666667,416.5,85,500,145.3601609413284,0,0,0.0,0.0,8.47,2454,10236,276,1.0,6.0,9.233763886919771,5.6240175061873385,0.0,0.0,0.0,0.0,0.0,1.0,0.0,0.0,0.0,0.0,0.0,0.0,1.0,1.0,0.0,0.0,0.0,1.0,0.0,4.0,0,0,0,0,0,1,783,202,0,170,85,0,0,0,742
93753,10197.589743589744,5174.0,12072.87571343075,361,77793,-0.6239654239162914,-45.98085595819383,0.117667391066293,1.1837789358101278,77432,2.24041010898404,6.044504334687252,0.4601401529798044,311.0,48.0,0.0169102618487524,-1,26.0,199.80769230769232,152.5,1,500,152.4056292866648,11,60,0.0352564102564102,0.1923076923076923,8.47,233,75928,3836,0.0,0.0,11.237553972095531,8.252446090246952,0.0,0.0,0.0,0.0,0.0,0.0,0.0,0.0,1.0,0.0,0.0,0.0,0.0,0.0,0.0,0.0,0.0,0.0,0.0,1.0,1,0,0,0,0,0,341,112,0,63,31,0,0,0,334
3572,4527.346153846154,2485.5,5236.672472601826,305,33894,-0.6208042859612398,-31.003126234767898,0.0710804646488966,1.156420532947565,33589,2.2870831437966177,7.005337291548987,0.3897107488717137,155.0,24.0,0.0186094884050274,1,13.0,297.2692307692308,308.5,10,500,166.22954264548235,1,10,0.0064102564102564,0.0641025641025641,8.47,896,24748,599,13.0,158.0,10.116540363140167,6.396929655216146,0.0,0.0,1.0,0.0,0.0,1.0,0.0,0.0,0.0,0.0,0.0,0.0,0.0,0.0,0.0,0.0,0.0,0.0,0.0,2.0,0,0,1,0,0,0,469,140,0,124,40,0,0,0,455
121269,14944.927083333334,7557.5,18214.94670321418,711,95575,-0.5965063163302239,-162.29656131307652,0.0609644865253083,1.218723107750621,94864,2.082841106645552,4.436332251584035,0.5346677379470289,95.0,0.0,0.0213131048914465,1,8.0,159.07291666666666,121.5,1,500,135.593774807301,8,21,0.0833333333333333,0.21875,8.46,274,69102,3462,0.0,135.0,11.14335342415343,8.149890544402423,0.0,0.0,0.0,0.0,0.0,1.0,0.0,0.0,1.0,0.0,0.0,0.0,0.0,0.0,0.0,0.0,0.0,0.0,0.0,2.0,0,0,0,0,0,1,451,140,0,77,43,0,0,0,433
100323,5737.043103448276,3100.5,6959.245991153314,272,42477,-0.7132706671778559,-23.252358707478127,0.1126635179208081,1.2128256734375449,42205,2.430195185817643,7.182600410369123,0.4953086265904223,347.0,48.0,0.0120300397862372,-1,29.0,270.1034482758621,251.5,1,500,166.01040574522912,4,27,0.0114942528735632,0.0775862068965517,8.46,471,43504,2390,0.0,0.0,10.680631153000125,7.779466967458324,0.0,0.0,0.0,0.0,0.0,0.0,0.0,0.0,0.0,0.0,0.0,0.0,1.0,0.0,0.0,0.0,0.0,0.0,1.0,2.0,1,0,0,0,0,0,603,193,0,113,69,0,0,0,579
119279,1952.993055555556,976.5,2165.446739886509,100,11713,-0.6431725772237968,-8.456825269562632,0.1054188308661265,1.108216190292873,11613,1.841784991644088,3.5108857556937734,0.4852711245665333,287.0,36.0,0.0232434047639375,-1,24.0,389.4548611111111,498.5,57,500,139.50678763348412,0,0,0.0,0.0,8.46,1773,14009,595,0.0,0.0,9.547526639331052,6.39024066706535,0.0,0.0,0.0,1.0,0.0,0.0,0.0,0.0,0.0,0.0,0.0,0.0,0.0,0.0,0.0,1.0,0.0,0.0,0.0,2.0,0,0,0,1,0,0,602,182,0,117,58,0,0,0,575
112988,2470.1666666666665,1668.0,2542.657036557537,272,9493,-0.5061153705732019,-134.60434782608698,0.1342855262237614,1.0289298050411562,9221,1.3872607965972237,0.7457526128204166,0.5901451912318447,23.0,12.0,0.0476403665859054,1,2.0,365.4166666666667,383.5,102,500,145.77834677649793,0,0,0.0,0.0,8.46,2300,10873,186,2.0,12.0,9.294129897705869,5.231108616854587,0.0,0.0,0.0,1.0,0.0,1.0,0.0,0.0,0.0,0.0,0.0,0.0,0.0,0.0,0.0,1.0,0.0,0.0,0.0,3.0,0,0,0,0,0,1,751,234,0,144,58,0,0,0,720
97244,15309.854166666666,9993.5,15812.48514358931,1285,73107,-0.3811801379834167,-386.3555688232741,0.1145741868837303,1.03276309547868,71822,1.5574150652019236,2.197841217631136,0.6066607784292658,47.0,0.0,0.0315530660538662,1,4.0,146.625,112.0,1,407,111.67934474049652,4,9,0.0833333333333333,0.1875,8.46,263,71038,3740,4.0,23.0,11.1709843009904,8.227108234348146,0.0,0.0,0.0,0.0,0.0,1.0,0.0,0.0,0.0,0.0,0.0,0.0,0.0,0.0,0.0,1.0,0.0,0.0,0.0,2.0,0,0,1,0,0,0,534,145,0,121,48,0,0,0,510
111213,33067.183333333334,18163.5,32195.451977203065,2024,120916,-0.2315423870341985,-413.0484856904696,0.0493643720149182,0.9736081251475784,118892,1.1872654203534208,0.231392735114067,0.5290717569636779,59.0,1.0,0.0594834430513745,1,5.0,73.81666666666666,57.0,1,334,70.25417939327326,12,26,0.2,0.4333333333333333,8.46,89,154305,6836,5.0,94.0,11.946692922883638,8.830104317913793,0.0,0.0,0.0,0.0,0.0,1.0,0.0,0.0,0.0,0.0,0.0,1.0,1.0,1.0,0.0,0.0,0.0,0.0,0.0,4.0,0,0,0,0,0,1,831,244,0,171,71,0,0,0,780
7519,15283.09935897436,8235.5,18356.409349458063,812,120497,-0.6423565401009524,-73.10947707511659,0.1286753528385503,1.201013479324167,119685,2.561802574836993,8.324367596266331,0.4908242814086087,311.0,12.0,0.0171498045594496,1,26.0,148.10256410256412,106.5,1,500,124.52940541871304,34,74,0.1089743589743589,0.2371794871794871,8.46,139,115382,9279,26.0,271.0,11.6560123085129,9.135616825780248,0.0,0.0,0.0,0.0,1.0,0.0,0.0,0.0,1.0,0.0,0.0,0.0,0.0,1.0,0.0,0.0,0.0,1.0,0.0,4.0,1,0,0,0,0,0,770,239,0,141,89,0,0,0,737
42001,7101.166666666667,4344.0,7786.059165353733,324,35915,-0.4660263391180929,-74.92977482365708,0.0711193124406875,1.096293501798099,35591,1.8361969838806824,3.427668483462954,0.4650745908783495,95.0,0.0,0.0237922873451204,-1,8.0,241.19791666666663,193.0,1,500,170.04114819358594,4,13,0.0416666666666666,0.1354166666666666,8.46,648,32822,861,0.0,0.0,10.3988847681449,6.759255270663693,1.0,1.0,0.0,0.0,0.0,1.0,0.0,0.0,0.0,0.0,0.0,0.0,0.0,0.0,0.0,0.0,0.0,0.0,0.0,3.0,0,0,0,0,0,1,612,196,0,139,50,0,0,0,584
43,9601.957207207208,5253.5,12150.839027696711,335,89998,-0.6346755030297927,-35.119080764382204,0.1372322664241722,1.2653226256779808,89663,2.878035286003899,11.05649572285398,0.5000185818168865,443.0,36.0,0.0124141647592168,1,37.0,207.71846846846847,159.0,1,500,156.90663868211337,23,65,0.0518018018018018,0.1463963963963964,8.46,218,83140,4572,37.0,333.0,11.328293240639033,8.427924723658055,0.0,0.0,0.0,0.0,0.0,0.0,0.0,0.0,0.0,0.0,0.0,0.0,0.0,0.0,0.0,0.0,1.0,0.0,0.0,1.0,1,0,0,0,0,0,438,147,0,82,53,0,0,0,428
119161,82277.8,46800.0,81839.45030623475,5918,281510,-0.3723589803218812,-1022.6173381494862,0.0468275565299397,0.994660232116107,275592,0.9951206697779922,-0.3605573971345235,0.5905671650537939,59.0,13.0,0.0562102589606053,-1,5.0,43.38333333333333,31.5,1,165,42.70990972700468,16,40,0.2666666666666666,0.6666666666666666,8.46,18,339408,19830,0.0,0.0,12.734961148814302,9.89500164888583,1.0,0.0,0.0,0.0,1.0,0.0,0.0,0.0,0.0,0.0,0.0,0.0,0.0,0.0,0.0,0.0,0.0,0.0,0.0,2.0,1,0,0,0,0,0,514,140,0,110,63,0,0,0,498
88930,5413.010416666667,3169.0,5767.588833109392,292,28414,-0.5549620406370616,-49.99184074877916,0.0576930853798487,1.0653080414020368,28122,1.572049475363884,2.168911930625913,0.457748348887194,95.0,1.0,0.0269321461251495,-1,8.0,276.3958333333333,245.5,1,500,163.97849701298912,1,5,0.0104166666666666,0.0520833333333333,8.46,812,27145,1099,0.0,0.0,10.20898498485791,7.003065458786462,1.0,0.0,0.0,0.0,0.0,0.0,0.0,0.0,1.0,0.0,0.0,0.0,0.0,0.0,0.0,0.0,0.0,0.0,0.0,2.0,0,0,0,0,0,1,521,150,0,120,53,0,0,0,502
147585,3708.183333333333,2130.0,3789.828817557449,141,18586,-0.5154349881630288,-28.12924508646433,0.0661040475432276,1.0217421132839075,18445,1.5832120857936385,2.258220503097534,0.5540259376812235,119.0,0.0,0.0311659313461745,-1,10.0,311.19166666666666,310.5,53,500,155.4732182635396,0,0,0.0,0.0,8.45,1143,20022,296,0.0,0.0,9.90463689179265,5.6937321388027,1.0,0.0,0.0,0.0,0.0,0.0,0.0,0.0,1.0,0.0,0.0,0.0,0.0,0.0,0.0,0.0,0.0,0.0,0.0,2.0,1,0,0,0,0,0,468,125,0,96,45,0,0,0,454
28449,5215.677083333333,3402.5,5503.198362647079,417,28320,-0.5259313111900638,-51.211238469886055,0.0664988778162912,1.0549240972244855,27903,1.759680855770384,3.158476109413023,0.423970358121766,95.0,0.0,0.0328213276836158,-1,8.0,272.34375,252.0,17,500,163.61672872683536,0,9,0.0,0.09375,8.45,808,27227,1553,0.0,0.0,10.212001134567842,7.348587530927593,0.0,0.0,0.0,1.0,0.0,1.0,0.0,1.0,0.0,0.0,0.0,0.0,0.0,0.0,0.0,0.0,0.0,0.0,0.0,3.0,0,0,0,0,0,1,781,243,0,161,57,0,0,0,749
17051,6717.158333333334,3528.0,7303.584717447355,367,44132,-0.6314209887117278,-33.49842792409591,0.1009741968243032,1.0871409030670391,43765,1.8524398703598104,4.026761943669095,0.4990415041604773,239.0,12.0,0.0203820357110486,1,20.0,245.025,214.5,1,500,163.63681648190706,2,26,0.0083333333333333,0.1083333333333333,8.45,431,46379,1497,20.0,150.0,10.744623610809525,7.311886164077165,0.0,0.0,0.0,0.0,1.0,0.0,0.0,0.0,0.0,0.0,0.0,0.0,0.0,0.0,0.0,1.0,0.0,0.0,0.0,2.0,1,0,0,0,0,0,559,165,0,127,50,0,0,0,541
1032,1859.9444444444443,976.0,2428.9153158824606,100,18596,-0.6681260770248066,-5.700644911524235,0.1338529716873237,1.3052057105377883,18496,2.8352540812968754,10.09141363874624,0.4592711273099419,539.0,72.0,0.0118439449343944,1,45.0,397.9203703703704,500.0,45,500,133.32669133405,0,3,0.0,0.0055555555555555,8.45,1288,18041,973,45.0,821.0,9.800457652216584,6.881411303642535,0.0,1.0,1.0,0.0,1.0,0.0,0.0,0.0,0.0,0.0,0.0,0.0,0.0,0.0,1.0,1.0,0.0,0.0,0.0,5.0,1,0,0,0,1,0,1027,317,0,202,101,0,0,0,984
42,19158.59523809524,9974.0,23644.013428493963,823,181836,-0.6571967262144363,-61.61088949565218,0.1437310771329946,1.234055998295951,181013,2.7653416876933163,10.656968169348414,0.5691694410120317,503.0,1.0,0.0128962361688554,1,42.0,130.0297619047619,92.5,1,500,116.82301219246612,60,155,0.119047619047619,0.3075396825396825,8.45,66,184286,16657,42.0,520.0,12.12424960400239,9.720645860495283,1.0,1.0,0.0,0.0,0.0,0.0,0.0,0.0,1.0,0.0,0.0,0.0,0.0,0.0,0.0,0.0,0.0,0.0,0.0,3.0,1,0,0,0,0,0,658,220,0,128,65,0,0,0,618
3573,2316.596153846154,1359.0,2444.5079882988725,157,13831,-0.558694474693973,-16.037864108359276,0.0872891453866715,1.0547601160979243,13674,1.9758872852127831,4.732063305853991,0.4492479468779549,155.0,12.0,0.0274745137734075,1,13.0,364.6410256410256,433.5,30,500,146.2982529961219,0,1,0.0,0.0064102564102564,8.45,1894,13333,193,13.0,134.0,9.498072443178003,5.267858159063328,0.0,0.0,0.0,0.0,0.0,1.0,0.0,0.0,0.0,0.0,0.0,0.0,0.0,0.0,0.0,0.0,0.0,0.0,0.0,1.0,0,0,0,0,0,1,344,98,0,76,31,0,0,0,336
166372,3821.1388888888887,2227.0,4322.683033222524,263,25291,-0.6057083417521646,-27.83252150148702,0.071634315811516,1.130959172045981,25028,2.2574564527069816,6.521497928781708,0.3686931082917063,143.0,24.0,0.0254833735320865,-1,12.0,313.6111111111111,299.5,1,500,163.4550614045507,1,5,0.0069444444444444,0.0347222222222222,8.44,998,22395,656,0.0,0.0,10.016637650468784,6.48768401848461,1.0,0.0,0.0,0.0,0.0,1.0,0.0,0.0,0.0,1.0,0.0,0.0,0.0,0.0,0.0,0.0,0.0,1.0,0.0,4.0,0,0,1,0,0,0,857,265,0,164,96,0,0,0,811
3285,14845.416666666666,8100.0,16457.470970164166,753,95130,-0.6448031362925042,-80.94311673156385,0.0940482238903945,1.1085146900877878,94377,2.0337864523269062,4.8121556828019845,0.4774085069460539,215.0,24.0,0.0159860191317144,1,18.0,145.89814814814815,111.5,1,500,125.67310916397754,12,51,0.0555555555555555,0.2361111111111111,8.44,173,98632,4213,18.0,182.0,11.499161170194371,8.346167594364134,1.0,0.0,0.0,0.0,0.0,0.0,0.0,0.0,0.0,0.0,0.0,0.0,0.0,0.0,0.0,0.0,0.0,0.0,0.0,1.0,0,0,1,0,0,0,316,111,0,50,22,0,0,0,307
138673,32585.5,15750.0,29199.96786955995,4039,85875,-0.714277551426016,-7703.314685314685,0.8293642731160648,0.8960756101318015,81836,0.6576449129892664,-1.2451897673432697,0.9273980624427982,11.0,0.0,0.0859446870451237,1,1.0,82.75,73.5,1,232,64.2911670967845,2,3,0.1666666666666666,0.25,8.44,114,130694,4681,1.0,0.0,11.780621643333497,8.451480648050856,0.0,0.0,0.0,0.0,0.0,1.0,0.0,0.0,0.0,0.0,0.0,0.0,0.0,0.0,0.0,0.0,0.0,0.0,0.0,1.0,1,0,0,0,0,0,304,101,0,55,27,0,0,0,294
974,3686.854938271605,2144.5,4301.413064611894,208,27318,-0.6019322016943218,-15.543745159782311,0.1142335497070468,1.1663726303258135,27110,2.335483451428379,6.611484989926879,0.510624781462456,323.0,0.0,0.0156856285233179,1,27.0,319.73148148148147,318.5,5,500,159.93945265346247,2,11,0.0061728395061728,0.0339506172839506,8.44,768,28363,1004,27.0,112.0,10.252876014423888,6.912742820493176,0.0,1.0,1.0,0.0,0.0,1.0,0.0,0.0,1.0,0.0,0.0,0.0,0.0,1.0,0.0,0.0,0.0,0.0,0.0,5.0,0,1,0,0,0,0,900,254,0,188,99,0,0,0,857
184875,180.5222222222222,100.0,166.70327783071986,100,1818,-0.4391288713787658,-0.4864893504836713,0.0919769070730214,0.91836291882015,1718,4.286443325854012,29.228971008262988,0.4809831510612875,359.0,0.0,0.055005500550055,1,30.0,499.45,500.0,362,500,7.911858188820124,0,0,0.0,0.0,8.43,16360,1176,46,0.0,80.0,7.0707241072602764,3.8501476017100575,0.0,0.0,0.0,1.0,0.0,1.0,0.0,1.0,0.0,0.0,0.0,0.0,0.0,0.0,0.0,0.0,0.0,0.0,0.0,3.0,0,0,0,0,0,1,755,233,0,152,68,0,0,0,726
26728,4364.324074074074,2461.0,4504.716279199735,406,22005,-0.5732668554437996,-37.022821458172565,0.0656497639584036,1.0319316968821446,21599,1.529670139495111,2.221420227815443,0.4773517534575078,107.0,24.0,0.0309134287661895,1,9.0,298.212962962963,293.0,24,500,167.5602738942532,0,1,0.0,0.0092592592592592,8.43,973,22943,988,9.0,43.0,10.040811743399347,6.8966943316227125,1.0,0.0,0.0,0.0,0.0,0.0,0.0,0.0,0.0,0.0,0.0,0.0,1.0,0.0,1.0,0.0,0.0,0.0,0.0,3.0,0,0,0,0,0,1,737,211,0,147,69,0,0,0,704
29211,18093.071428571428,10161.0,19052.43046037116,873,94085,-0.5012096120013064,-205.77987243090013,0.0685836807328752,1.052965361366179,93212,1.7043798076266063,2.8933935857458657,0.4630902463046945,83.0,36.0,0.0269410639315512,-1,7.0,129.5,88.5,1,500,115.85258490241566,9,24,0.1071428571428571,0.2857142857142857,8.43,211,86355,4002,0.0,0.0,11.36623356581635,8.294799358992574,0.0,0.0,0.0,0.0,1.0,0.0,0.0,0.0,0.0,0.0,0.0,0.0,0.0,1.0,0.0,0.0,0.0,0.0,0.0,2.0,0,0,0,0,0,1,505,153,0,99,51,0,0,0,482
83903,2146.9166666666665,1270.0,2296.099922513536,107,12717,-0.5415098598670904,-16.831723303514437,0.0522281482360004,1.0689892946716757,12610,1.9336681980658696,4.240603957081401,0.3107439983585605,107.0,24.0,0.0213493748525595,-1,9.0,378.212962962963,452.0,60,500,139.52399574093752,0,0,0.0,0.0,8.43,2163,11613,448,0.0,0.0,9.359966545931997,6.107022887742255,1.0,0.0,0.0,0.0,0.0,0.0,0.0,0.0,1.0,0.0,0.0,0.0,0.0,0.0,0.0,0.0,0.0,1.0,0.0,3.0,0,0,0,0,0,1,631,172,0,129,49,0,0,0,602
131338,1119.236111111111,591.0,1085.3705651509017,100,4068,-0.4660287081339713,-12.96464402855489,0.0616261557776398,0.9688766094804532,3968,1.1568632853426946,0.2175726825288295,0.5963605491298548,71.0,0.0,0.0511307767944936,1,6.0,431.72222222222223,500.0,174,500,105.02846468963416,0,0,0.0,0.0,8.43,4845,5294,171,6.0,109.0,8.574518258035507,5.147494476813453,0.0,0.0,0.0,0.0,0.0,1.0,0.0,0.0,0.0,0.0,0.0,0.0,0.0,1.0,0.0,0.0,0.0,0.0,0.0,2.0,0,0,0,0,0,1,503,154,0,100,55,0,0,0,480
743,28071.166666666668,19182.5,27836.02711215968,2266,100421,-0.5861044922795255,-2250.180869565217,0.3131172205415465,0.9915881250880652,98155,1.1122987206339057,0.1082109403810673,0.7784944870665097,23.0,0.0,0.0401783491500781,1,2.0,93.29166666666669,66.0,1,327,88.8352778867845,4,8,0.1666666666666666,0.3333333333333333,8.43,144,111980,1125,2.0,16.0,11.626084493029111,7.026426808699636,0.0,0.0,1.0,0.0,0.0,1.0,0.0,0.0,0.0,0.0,0.0,0.0,1.0,0.0,1.0,0.0,0.0,0.0,0.0,4.0,0,0,1,0,0,0,815,258,0,165,77,0,0,0,775
138481,1516.7549019607843,821.0,1708.4076575105478,100,10730,-0.6760462120813837,-9.19006297220318,0.1003512089107583,1.1256149825663284,10630,2.0923268929943086,5.530016122985042,0.5296601402929723,203.0,25.0,0.0182665424044734,-1,17.0,410.22549019607845,500.0,35,500,124.31974957569544,0,1,0.0,0.0049019607843137,8.42,2791,9176,366,0.0,0.0,9.124455632819013,5.905361848054571,0.0,0.0,0.0,0.0,1.0,0.0,0.0,0.0,0.0,0.0,0.0,0.0,0.0,1.0,0.0,0.0,0.0,0.0,0.0,2.0,0,0,0,0,0,1,508,157,0,96,46,0,0,0,491
3807,1478.463888888889,812.5,1861.344636076711,100,14327,-0.6582337317397078,-6.172133915642353,0.1187510616188801,1.258121032933506,14227,3.032729532641176,12.837462599374303,0.4184010677901952,359.0,24.0,0.0117610106791372,-1,30.0,417.9861111111111,500.0,23,500,117.57339233379524,0,2,0.0,0.0055555555555555,8.42,2224,11298,249,0.0,0.0,9.332469505209248,5.521460917862246,0.0,0.0,0.0,0.0,0.0,0.0,0.0,0.0,1.0,0.0,0.0,0.0,0.0,0.0,0.0,0.0,0.0,0.0,0.0,1.0,0,0,0,0,0,1,331,105,0,59,35,0,0,0,321
93699,7211.486111111111,4594.0,8009.85334689069,366,41750,-0.5363308402816315,-59.42499799051522,0.0951068977485949,1.1105537291158458,41384,2.0572689335575456,4.760594472481418,0.4674386010931855,143.0,24.0,0.0217305389221556,1,12.0,231.47916666666663,188.0,1,500,162.80223896008516,1,17,0.0069444444444444,0.1180555555555555,8.42,556,37331,1094,12.0,88.0,10.527606146685637,6.9985096422506015,0.0,0.0,1.0,0.0,0.0,1.0,0.0,0.0,0.0,0.0,0.0,0.0,0.0,0.0,0.0,0.0,0.0,0.0,0.0,2.0,0,0,1,0,0,0,473,145,0,101,47,0,0,0,461
114745,41171.256944444445,22437.5,45492.61499770939,2777,274418,-0.5957946934368387,-332.71437384454623,0.0924238632191592,1.1049337193026507,271641,1.8793403542197844,4.389612639146062,0.5139408316049284,143.0,24.0,0.0176491702439344,-1,12.0,66.13194444444444,50.5,1,301,66.24965896429809,34,72,0.2361111111111111,0.5,8.42,37,223713,15861,0.0,0.0,12.318123729337549,9.671681590643264,0.0,0.0,1.0,0.0,0.0,0.0,0.0,0.0,0.0,0.0,0.0,0.0,0.0,0.0,0.0,0.0,1.0,0.0,0.0,2.0,1,0,0,0,0,0,543,164,0,111,47,0,0,0,521
141833,9306.548850574713,4848.5,10576.534035655714,434,51738,-0.6564005905017549,-32.74321787068119,0.0967229711619006,1.1363393526538026,51304,1.771206804919749,2.6598030534119337,0.4853034317448071,347.0,37.0,0.0182940971819552,-1,29.0,210.6293103448276,172.0,1,500,158.59111363759237,15,60,0.043103448275862,0.1724137931034483,8.42,250,72982,3429,0.0,0.0,11.197981816298208,8.140315540159985,0.0,0.0,0.0,0.0,0.0,0.0,0.0,0.0,0.0,0.0,0.0,1.0,1.0,0.0,0.0,0.0,0.0,1.0,0.0,3.0,0,0,0,0,0,1,737,223,0,148,65,0,0,0,701
98380,2867.2738095238096,1867.0,2709.6297337599403,154,11023,-0.458666060695174,-22.669484661334412,0.0411508839381141,0.9446900518224208,10869,1.071056314312665,0.0461125993483686,0.5783158862542764,83.0,0.0,0.0380341104962351,-1,7.0,338.57142857142856,372.0,35,500,155.12869355675582,0,1,0.0,0.0119047619047619,8.42,1919,13161,1420,0.0,0.0,9.485089169016064,7.259116128097101,1.0,0.0,0.0,0.0,0.0,0.0,0.0,0.0,0.0,0.0,0.0,0.0,1.0,0.0,0.0,0.0,0.0,1.0,0.0,3.0,0,0,0,0,0,1,671,199,0,116,78,0,0,0,649
658,11476.625,6476.0,13128.480601388786,313,73027,-0.661219992194482,-42.17788936128623,0.1114708101165794,1.1438325090241916,72714,2.016015938008252,4.424956479199259,0.4828155369863506,359.0,108.0,0.0118380872827858,1,30.0,181.55277777777775,133.0,1,500,146.1302025708411,19,67,0.0527777777777777,0.1861111111111111,8.42,192,92557,3193,30.0,207.0,11.435590754028231,8.069029328774958,1.0,1.0,0.0,0.0,0.0,1.0,0.0,0.0,0.0,0.0,0.0,0.0,0.0,0.0,0.0,0.0,0.0,1.0,0.0,4.0,0,0,1,0,0,0,772,243,0,153,83,0,0,0,729
165876,2406.546296296296,1297.5,2440.368901925749,180,11247,-0.4480432759328426,-17.06891213428983,0.0475477259627941,1.0136332188834525,11067,1.4160551034857665,1.4308247983446218,0.4545580078191936,107.0,60.0,0.0274073086156308,-1,9.0,366.6111111111111,429.5,69,500,146.72207497152775,0,0,0.0,0.0,8.41,1945,12978,344,0.0,0.0,9.471087945687758,5.84354441703136,0.0,0.0,0.0,0.0,0.0,0.0,0.0,0.0,0.0,0.0,0.0,0.0,0.0,1.0,0.0,0.0,0.0,0.0,0.0,1.0,0,0,1,0,0,0,375,124,0,80,36,0,0,0,364
154587,7467.675,4283.5,7384.8444636775075,538,33211,-0.5659872451879467,-47.0549934023196,0.0487169189197823,0.988775715060236,32673,1.448134277418077,1.597994714867507,0.5186322998609393,119.0,1.0,0.041243864984493,-1,10.0,218.725,181.0,1,500,155.32846715374916,6,15,0.05,0.125,8.41,475,43276,1000,0.0,0.0,10.675376595036562,6.90875477931522,1.0,0.0,0.0,0.0,0.0,0.0,0.0,0.0,1.0,0.0,0.0,0.0,0.0,0.0,0.0,0.0,0.0,0.0,0.0,2.0,0,0,0,0,0,1,475,134,0,108,40,0,0,0,451
12854,5071.613636363636,2563.0,5979.689754098335,184,33544,-0.6180577087965697,-25.84906964762048,0.1085307754111408,1.178818294228485,33360,2.166221974607535,5.411312938054946,0.5140477288453437,263.0,1.0,0.0225375626043405,1,22.0,284.3863636363636,273.5,1,500,166.316836541223,3,17,0.0113636363636363,0.0643939393939393,8.41,619,33973,1908,22.0,133.0,10.433350805179256,7.554334823725748,1.0,0.0,0.0,0.0,0.0,0.0,0.0,0.0,1.0,0.0,0.0,0.0,0.0,0.0,1.0,0.0,0.0,0.0,0.0,3.0,0,0,0,0,0,1,696,228,0,142,71,0,0,0,657
3866,35962.65625,20212.0,40661.34955177237,2195,220734,-0.5714902311256883,-308.565619913185,0.0442227338756921,1.1306233512275985,218539,1.9495483570294967,4.226181528606342,0.29588976871624,95.0,72.0,0.029201437023748,-1,8.0,74.15625,56.5,1,295,67.98595567667512,19,42,0.1979166666666666,0.4375,8.41,79,171235,17008,0.0,0.0,12.050798000957792,9.741497894714092,1.0,0.0,0.0,0.0,0.0,0.0,0.0,0.0,1.0,0.0,0.0,0.0,1.0,0.0,0.0,0.0,0.0,1.0,0.0,4.0,1,0,0,0,0,0,781,231,0,156,92,0,0,0,738
48399,13542.035714285714,7619.5,14817.615193898064,932,81858,-0.5253313725545224,-145.5579528196821,0.0567323829071654,1.0941132775916609,80926,1.990531525314964,4.871598953955516,0.3798575125394227,83.0,24.0,0.0204286691587871,-1,7.0,161.01190476190476,114.0,1,500,135.87410963020312,7,18,0.0833333333333333,0.2142857142857142,8.41,298,63521,2384,0.0,0.0,11.059141581571437,7.776954403322442,0.0,0.0,0.0,0.0,1.0,0.0,1.0,0.0,1.0,0.0,0.0,0.0,0.0,0.0,0.0,0.0,0.0,0.0,0.0,3.0,0,0,0,0,0,1,758,242,0,143,90,0,0,0,730
94376,5026.883333333333,2997.0,5270.187855891751,478,26217,-0.164964209711743,-70.08716310086135,0.0530426693709771,1.0481921529387948,25739,1.7968197052958723,3.43373210354377,0.5412868958460336,59.0,0.0,0.0576725025746652,-1,5.0,274.95,248.5,21,500,166.26819950509676,0,3,0.0,0.05,8.41,990,22570,1020,0.0,0.0,10.024421175431756,6.928537818164665,0.0,0.0,0.0,0.0,0.0,0.0,0.0,0.0,0.0,0.0,0.0,0.0,0.0,0.0,0.0,1.0,0.0,0.0,0.0,1.0,0,0,0,0,0,1,439,129,0,103,46,0,0,0,426
419,4142.8966666666665,2445.0,4759.852618095321,225,27891,-0.5960853192537746,-18.0512834587051,0.107866254453708,1.1486417256451829,27666,2.2089261079883182,5.712281785359057,0.4549672809457405,299.0,36.0,0.021010361765444,1,25.0,305.51666666666665,298.0,2,500,163.36000037408857,1,11,0.0033333333333333,0.0366666666666666,8.41,708,30189,897,25.0,150.0,10.315266022700884,6.8001700683022,0.0,0.0,1.0,0.0,1.0,0.0,0.0,0.0,0.0,0.0,0.0,0.0,0.0,1.0,0.0,1.0,0.0,0.0,0.0,4.0,0,0,0,1,0,0,820,262,0,164,82,0,0,0,783
152024,812.375,481.5,905.1261796245132,100,4497,-0.455137227304715,-16.00662179765523,0.06001969803972,1.1128030485624876,4397,1.995303900235232,4.341017546275317,0.3427848259489618,47.0,24.0,0.0463642428285523,1,4.0,456.1875,500.0,210,500,83.51338621492565,0,0,0.0,0.0,8.4,7070,3450,96,4.0,24.0,8.146419323098003,4.574710978503383,1.0,0.0,0.0,0.0,0.0,0.0,0.0,0.0,0.0,0.0,0.0,0.0,0.0,0.0,0.0,0.0,0.0,1.0,0.0,2.0,1,0,0,0,0,0,533,166,0,108,48,0,0,0,514
148542,3311.6666666666665,1841.0,3301.204641238306,296,16942,-0.4857901979752838,-47.41504276802368,0.0891019814528186,0.9965399399994886,16646,1.7084668444103008,3.206375141071579,0.5667802777669454,71.0,0.0,0.031637350962106,1,6.0,324.09722222222223,331.5,24,500,158.833609629195,0,3,0.0,0.0416666666666666,8.4,1426,16634,412,6.0,28.0,9.719264188452575,6.023447592961033,0.0,0.0,0.0,0.0,0.0,0.0,0.0,0.0,1.0,0.0,0.0,0.0,0.0,0.0,0.0,0.0,0.0,0.0,0.0,1.0,0,0,0,0,0,1,343,97,0,67,36,0,0,0,339
144011,2343.4166666666665,903.0,2785.536287633357,202,9080,-0.8519247431612823,-682.0944055944057,0.7145393089028017,1.188157517918469,8878,1.4203848189382822,0.6689669968290191,0.937385788094636,11.0,0.0,0.0368116740088105,1,1.0,380.4166666666667,491.0,85,500,155.34180502649275,0,0,0.0,0.0,8.4,3060,8420,295,1.0,6.0,9.038483865029992,5.69035945432406,0.0,0.0,0.0,1.0,0.0,1.0,0.0,0.0,0.0,0.0,0.0,0.0,0.0,0.0,0.0,0.0,0.0,0.0,0.0,2.0,0,0,0,0,0,1,529,149,0,114,51,0,0,0,515
